customer_id,age,gender,location,income_level,annual_income,spending_score,purchase_frequency,avg_order_value,total_annual_spend,days_since_last_visit,num_categories_bought,loyalty_years,discount_usage_pct,online_purchase_pct,return_rate,support_tickets,preferred_category
CUST00001,22,Female,Suburban,Low,26408,18,24,116.89,2805.36,186,7,4,0.5,0.02,0.207,1,Fashion
CUST00002,59,Female,Rural,High,88624,51,1,334.83,334.83,167,10,8,0.73,0.78,0.191,4,Books
CUST00003,52,Female,Urban,Very High,157520,71,36,385.76,13887.36,27,1,0,0.19,0.16,0.189,7,Sports
CUST00004,41,Female,Urban,High,91128,41,24,91.65,2199.6,44,4,9,0.44,0.6,0.062,0,Electronics
CUST00005,40,Female,Suburban,Medium,48161,38,41,31.49,1291.09,218,3,5,0.53,0.68,0.174,10,Beauty
CUST00006,63,Female,Suburban,Low,12010,17,33,225.4,7438.2,208,6,6,0.74,0.28,0.188,1,Travel
CUST00007,22,Male,Suburban,Very High,151777,72,41,389.27,15960.07,203,6,2,0.96,0.57,0.171,8,Fashion
CUST00008,54,Female,Urban,Very High,152318,68,24,328.88,7893.12,58,9,5,0.85,0.24,0.056,6,Travel
CUST00009,28,Female,Urban,Medium,57495,22,1,353.92,353.92,187,10,0,0.62,0.95,0.217,9,Books
CUST00010,22,Male,Suburban,Medium,53491,27,7,207.39,1451.73,23,8,9,0.58,0.86,0.022,8,Beauty
CUST00011,45,Male,Urban,Medium,42474,23,24,125.12,3002.88,53,2,8,0.6,0.29,0.177,5,Grocery
CUST00012,69,Female,Urban,Medium,51074,15,21,270.57,5681.97,183,1,4,0.55,0.53,0.131,8,Electronics
CUST00013,56,Male,Suburban,Low,23885,1,42,110.14,4625.88,226,9,9,0.06,0.5,0.075,3,Home & Garden
CUST00014,58,Male,Suburban,Low,19945,9,22,365.85,8048.7,240,10,8,0.7,0.96,0.242,6,Books
CUST00015,56,Male,Rural,Low,18870,18,45,106.51,4792.95,359,3,1,0.72,0.39,0.053,10,Sports
CUST00016,59,Male,Urban,High,94959,36,10,152.72,1527.2,312,1,0,0.51,0.56,0.28,0,Beauty
CUST00017,45,Male,Urban,Low,21782,7,21,258.21,5422.41,139,7,2,0.87,0.93,0.265,3,Books
CUST00018,24,Female,Rural,Low,22902,1,40,248.49,9939.6,286,6,0,0.67,0.16,0.108,0,Grocery
CUST00019,62,Male,Urban,Medium,49426,16,7,304.42,2130.94,35,9,6,0.36,0.55,0.092,5,Electronics
CUST00020,41,Female,Urban,Low,16449,11,17,224.35,3813.95,313,6,5,0.02,0.11,0.041,8,Travel
CUST00021,44,Female,Urban,Low,20305,3,40,460.54,18421.6,142,8,5,0.06,0.62,0.275,0,Sports
CUST00022,37,Male,Suburban,Medium,57346,21,31,421.57,13068.67,278,8,0,0.35,0.37,0.188,6,Sports
CUST00023,27,Male,Rural,Medium,51643,40,41,440.77,18071.57,355,1,10,0.46,0.97,0.01,4,Sports
CUST00024,67,Female,Suburban,Medium,53316,16,27,318.46,8598.42,257,2,10,0.17,0.42,0.153,8,Books
CUST00025,59,Male,Suburban,Very High,143986,61,45,321.15,14451.75,336,8,6,0.19,0.14,0.026,2,Books
CUST00026,52,Male,Urban,Low,27808,26,46,308.51,14191.46,4,2,0,0.23,0.83,0.172,1,Beauty
CUST00027,39,Female,Urban,Very High,145915,74,51,223.09,11377.59,63,3,4,0.78,0.82,0.153,1,Books
CUST00028,61,Other,Urban,Very High,157541,64,7,167.83,1174.81,229,8,7,0.77,0.69,0.025,4,Grocery
CUST00029,46,Female,Urban,High,89132,42,31,300.08,9302.48,198,3,8,0.38,0.75,0.245,5,Beauty
CUST00030,41,Male,Urban,Medium,56703,30,6,22.51,135.06,44,2,2,0.17,0.26,0.079,10,Travel
CUST00031,41,Female,Urban,Medium,56269,20,12,13.65,163.8,263,1,9,0.11,0.64,0.162,5,Fashion
CUST00032,30,Female,Urban,Medium,54086,28,16,427.3,6836.8,22,5,10,0.09,0.04,0.192,1,Sports
CUST00033,22,Male,Suburban,High,96663,53,34,32.75,1113.5,362,7,5,0.39,0.2,0.289,7,Beauty
CUST00034,47,Female,Suburban,Low,21751,2,23,267.15,6144.45,58,8,4,0.05,0.93,0.148,0,Sports
CUST00035,65,Male,Urban,Very High,155581,87,45,311.34,14010.3,163,10,5,0.33,0.74,0.275,3,Travel
CUST00036,21,Male,Urban,Medium,44754,21,16,107.1,1713.6,301,7,0,0.96,0.23,0.106,7,Home & Garden
CUST00037,63,Female,Suburban,High,83124,55,33,448.91,14814.03,188,8,5,0.51,0.11,0.257,2,Fashion
CUST00038,61,Male,Suburban,Medium,50694,12,40,103.15,4126.0,272,3,0,0.82,0.95,0.071,6,Fashion
CUST00039,32,Male,Suburban,Low,24958,7,51,443.41,22613.91,257,4,0,0.13,0.11,0.212,4,Books
CUST00040,51,Female,Urban,Medium,54246,34,13,383.87,4990.31,347,4,6,0.27,0.26,0.027,10,Beauty
CUST00041,26,Other,Suburban,Medium,50446,37,39,127.96,4990.44,170,1,5,0.95,0.18,0.296,3,Sports
CUST00042,58,Female,Urban,Medium,50334,16,5,83.86,419.3,358,10,10,0.38,0.01,0.286,9,Home & Garden
CUST00043,55,Female,Urban,Medium,51758,40,29,164.95,4783.55,189,3,5,0.65,0.31,0.133,6,Home & Garden
CUST00044,36,Other,Urban,Low,25892,2,22,205.0,4510.0,327,5,10,0.98,0.97,0.157,8,Travel
CUST00045,21,Male,Urban,Medium,55469,24,50,130.43,6521.5,268,4,8,0.55,0.34,0.179,1,Beauty
CUST00046,69,Male,Urban,Medium,43754,15,41,499.46,20477.86,49,1,3,0.31,0.5,0.083,0,Travel
CUST00047,41,Male,Urban,Very High,151532,73,49,122.53,6003.97,235,10,10,0.53,0.75,0.202,8,Books
CUST00048,65,Male,Suburban,Low,18095,21,45,417.01,18765.45,321,3,5,0.05,0.55,0.21,5,Books
CUST00049,53,Female,Urban,Medium,54791,34,22,87.97,1935.34,47,2,6,0.11,0.74,0.158,3,Sports
CUST00050,59,Male,Urban,Medium,50095,34,39,490.32,19122.48,307,4,1,0.01,0.66,0.044,9,Fashion
CUST00051,58,Male,Urban,Medium,57862,20,2,120.51,241.02,39,2,2,0.88,0.61,0.276,3,Beauty
CUST00052,28,Male,Urban,Medium,48917,38,30,216.63,6498.9,318,10,5,0.67,0.65,0.035,4,Beauty
CUST00053,37,Male,Urban,Medium,52866,24,3,283.7,851.1,288,2,2,0.3,0.8,0.189,7,Sports
CUST00054,42,Female,Urban,Very High,143737,76,38,68.94,2619.72,56,4,6,0.22,0.71,0.031,10,Electronics
CUST00055,44,Male,Urban,Medium,56918,34,51,410.24,20922.24,266,3,0,0.68,0.79,0.044,9,Travel
CUST00056,20,Male,Suburban,High,84456,47,36,144.6,5205.6,43,1,2,0.92,0.15,0.006,7,Books
CUST00057,46,Male,Rural,Low,18054,12,44,279.14,12282.16,208,1,7,0.3,0.68,0.109,1,Grocery
CUST00058,26,Female,Urban,Medium,55402,26,13,279.32,3631.16,338,6,6,0.32,0.74,0.192,1,Home & Garden
CUST00059,57,Female,Suburban,Medium,57479,33,52,305.29,15875.08,76,3,10,0.85,0.3,0.156,7,Electronics
CUST00060,54,Female,Rural,Low,19750,22,29,37.19,1078.51,64,1,9,0.89,0.87,0.202,5,Travel
CUST00061,66,Male,Rural,Medium,49756,21,36,92.62,3334.32,155,3,8,0.91,0.3,0.203,1,Fashion
CUST00062,57,Male,Suburban,High,82779,41,41,88.98,3648.18,135,3,0,0.29,0.24,0.042,7,Home & Garden
CUST00063,37,Female,Rural,High,97662,38,34,158.01,5372.34,18,5,6,0.12,0.87,0.017,10,Home & Garden
CUST00064,69,Female,Rural,Medium,42263,17,17,81.01,1377.17,167,10,2,0.44,0.25,0.188,0,Grocery
CUST00065,39,Female,Suburban,Medium,42417,29,32,461.74,14775.68,95,4,2,0.3,0.42,0.196,9,Beauty
CUST00066,35,Female,Urban,Medium,49576,28,35,261.35,9147.25,46,8,2,0.88,0.37,0.167,3,Travel
CUST00067,65,Female,Urban,Low,12058,1,45,315.55,14199.75,101,8,5,0.04,0.9,0.074,4,Books
CUST00068,37,Male,Urban,Low,14630,8,26,185.17,4814.42,8,1,1,0.63,0.46,0.243,7,Sports
CUST00069,22,Male,Urban,High,92044,56,27,145.36,3924.72,334,6,5,0.91,0.69,0.023,2,Fashion
CUST00070,42,Female,Urban,Very High,153282,64,27,256.56,6927.12,363,5,1,0.98,0.79,0.19,1,Books
CUST00071,60,Male,Urban,Low,16771,1,6,154.22,925.32,135,6,5,0.65,0.63,0.036,10,Grocery
CUST00072,28,Female,Suburban,Medium,54725,24,5,178.39,891.95,320,2,6,0.95,0.94,0.196,3,Travel
CUST00073,42,Female,Suburban,High,91724,50,2,231.85,463.7,169,5,1,0.08,0.8,0.125,1,Home & Garden
CUST00074,24,Female,Suburban,High,85652,36,35,257.81,9023.35,334,2,1,0.36,0.4,0.215,7,Sports
CUST00075,54,Female,Urban,Medium,53399,36,22,492.31,10830.82,64,10,8,0.01,0.95,0.016,2,Home & Garden
CUST00076,43,Female,Urban,Medium,51475,36,46,119.43,5493.78,104,6,8,0.98,0.52,0.167,8,Home & Garden
CUST00077,35,Female,Suburban,High,94994,48,37,249.11,9217.07,271,1,2,0.9,0.02,0.043,0,Fashion
CUST00078,30,Female,Suburban,High,84471,38,8,83.26,666.08,81,6,9,0.03,0.26,0.205,5,Sports
CUST00079,47,Female,Rural,Low,15693,1,6,181.5,1089.0,301,10,2,0.02,0.62,0.036,4,Home & Garden
CUST00080,53,Male,Rural,Very High,146857,83,20,361.48,7229.6,156,8,10,0.37,0.16,0.022,10,Books
CUST00081,67,Female,Rural,Low,17462,20,48,95.49,4583.52,148,3,1,0.26,0.58,0.214,5,Home & Garden
CUST00082,41,Female,Urban,High,96221,46,3,294.86,884.58,166,9,7,0.85,0.36,0.019,10,Travel
CUST00083,26,Male,Urban,Low,23721,12,10,214.18,2141.8,292,2,0,0.16,0.53,0.067,2,Grocery
CUST00084,62,Male,Urban,Low,20706,18,2,35.27,70.54,3,3,2,0.79,0.0,0.247,5,Grocery
CUST00085,51,Female,Suburban,Low,20647,16,22,467.21,10278.62,275,2,4,0.55,0.85,0.243,8,Electronics
CUST00086,55,Female,Rural,Medium,56175,17,52,212.67,11058.84,285,10,0,0.38,0.36,0.256,1,Beauty
CUST00087,23,Male,Urban,Medium,49149,29,36,394.12,14188.32,300,8,5,0.15,0.14,0.098,10,Electronics
CUST00088,34,Male,Suburban,Low,15604,20,26,213.99,5563.74,364,6,2,1.0,0.44,0.158,8,Grocery
CUST00089,58,Male,Urban,Medium,44190,30,8,469.31,3754.48,286,7,1,0.62,0.49,0.232,7,Travel
CUST00090,62,Male,Urban,Medium,47280,22,19,152.33,2894.27,193,3,10,0.44,0.64,0.041,2,Sports
CUST00091,41,Female,Urban,High,92453,47,28,211.99,5935.72,171,1,10,0.37,0.52,0.217,8,Sports
CUST00092,60,Male,Urban,High,89535,37,15,381.84,5727.6,142,9,10,0.91,0.04,0.029,9,Books
CUST00093,62,Male,Rural,High,88748,49,37,178.4,6600.8,302,10,1,0.82,0.87,0.274,3,Books
CUST00094,38,Female,Urban,Low,19681,1,51,188.53,9615.03,144,1,4,0.81,0.46,0.191,6,Travel
CUST00095,65,Male,Suburban,Medium,57598,23,11,497.46,5472.06,210,1,3,0.62,0.08,0.148,0,Beauty
CUST00096,33,Male,Suburban,Very High,157963,71,14,282.25,3951.5,36,6,3,0.89,0.77,0.145,4,Home & Garden
CUST00097,30,Female,Urban,Low,14580,2,7,347.8,2434.6,116,1,4,0.3,0.66,0.054,1,Fashion
CUST00098,54,Female,Urban,Medium,43831,17,38,325.3,12361.4,98,8,5,0.7,0.65,0.104,6,Grocery
CUST00099,51,Other,Suburban,Very High,145909,59,25,415.68,10392.0,159,10,5,0.4,0.43,0.218,6,Beauty
CUST00100,25,Female,Urban,Very High,155632,84,15,432.29,6484.35,184,3,3,0.6,0.41,0.162,5,Grocery
CUST00101,62,Male,Rural,Medium,49352,22,12,286.0,3432.0,262,3,10,1.0,0.54,0.159,7,Beauty
CUST00102,28,Female,Urban,High,95819,61,4,154.33,617.32,158,9,10,0.98,0.05,0.059,10,Fashion
CUST00103,60,Female,Suburban,Medium,52348,16,25,21.17,529.25,55,4,3,0.51,0.3,0.207,2,Electronics
CUST00104,18,Female,Suburban,High,90851,50,36,311.06,11198.16,199,3,2,0.57,0.99,0.118,2,Grocery
CUST00105,60,Other,Urban,Low,16504,1,13,414.48,5388.24,20,1,5,0.9,0.66,0.055,2,Fashion
CUST00106,59,Female,Urban,Low,17504,9,1,230.76,230.76,310,9,4,0.99,0.42,0.283,10,Books
CUST00107,59,Female,Rural,Medium,44363,22,25,90.71,2267.75,282,10,10,0.78,0.22,0.152,1,Home & Garden
CUST00108,53,Male,Urban,Low,20308,8,36,151.16,5441.76,83,1,4,0.07,0.75,0.158,0,Home & Garden
CUST00109,42,Female,Urban,High,86486,48,18,259.89,4678.02,97,9,0,0.32,0.26,0.294,1,Home & Garden
CUST00110,55,Male,Urban,Medium,46679,33,14,419.97,5879.58,11,2,1,0.9,0.16,0.11,8,Grocery
CUST00111,32,Female,Urban,High,82632,35,9,94.16,847.44,134,2,0,0.77,0.15,0.283,6,Travel
CUST00112,59,Female,Suburban,High,94786,58,39,309.95,12088.05,14,4,4,0.74,0.73,0.208,10,Beauty
CUST00113,47,Other,Suburban,Medium,57029,18,45,379.15,17061.75,342,5,3,0.67,0.64,0.19,2,Fashion
CUST00114,42,Other,Urban,High,89972,38,41,468.66,19215.06,49,9,9,0.42,0.07,0.07,4,Fashion
CUST00115,44,Male,Suburban,Medium,50577,19,27,67.18,1813.86,241,7,9,0.4,0.12,0.016,6,Electronics
CUST00116,48,Female,Urban,Medium,56814,42,38,463.93,17629.34,209,2,1,0.81,0.63,0.131,0,Grocery
CUST00117,19,Female,Urban,Low,20184,1,21,304.72,6399.12,87,6,10,0.29,0.57,0.003,10,Beauty
CUST00118,25,Male,Suburban,High,91963,42,2,385.68,771.36,295,9,6,0.68,0.69,0.021,8,Travel
CUST00119,31,Male,Rural,High,88849,42,20,36.35,727.0,40,7,3,0.73,0.18,0.179,1,Home & Garden
CUST00120,24,Male,Urban,Very High,150229,84,37,258.01,9546.37,324,3,4,0.84,0.73,0.217,9,Electronics
CUST00121,41,Female,Urban,High,90350,45,34,315.09,10713.06,271,2,4,0.32,0.94,0.05,4,Electronics
CUST00122,53,Female,Suburban,Very High,153377,90,52,160.35,8338.2,232,5,1,0.74,0.6,0.22,3,Home & Garden
CUST00123,52,Other,Suburban,Low,21667,17,52,221.51,11518.52,322,5,9,0.11,0.2,0.285,10,Grocery
CUST00124,42,Male,Urban,Very High,150063,81,13,281.61,3660.93,148,4,0,0.14,0.68,0.223,5,Sports
CUST00125,63,Other,Urban,Medium,43213,29,1,280.75,280.75,103,2,0,0.42,0.34,0.235,2,Electronics
CUST00126,47,Male,Suburban,Medium,56473,18,15,30.51,457.65,57,2,3,0.06,0.05,0.21,8,Fashion
CUST00127,22,Female,Urban,Medium,56213,26,46,225.35,10366.1,338,6,1,0.95,0.3,0.067,7,Sports
CUST00128,58,Male,Urban,Medium,44951,25,43,114.77,4935.11,147,10,0,0.9,0.91,0.108,2,Grocery
CUST00129,48,Female,Urban,Medium,46693,14,6,459.18,2755.08,303,6,4,0.05,0.41,0.285,7,Grocery
CUST00130,51,Female,Urban,Low,27574,1,9,488.52,4396.68,122,5,4,0.84,0.86,0.198,6,Fashion
CUST00131,47,Female,Urban,Low,17137,1,30,156.83,4704.9,349,10,1,0.51,0.51,0.237,3,Electronics
CUST00132,47,Female,Rural,Medium,54995,36,35,95.84,3354.4,318,7,8,0.7,0.52,0.291,4,Grocery
CUST00133,22,Male,Suburban,High,94572,52,52,117.56,6113.12,113,8,9,0.89,0.01,0.069,9,Grocery
CUST00134,47,Male,Suburban,Medium,55772,20,40,244.1,9764.0,178,6,7,0.58,0.64,0.097,1,Travel
CUST00135,60,Male,Rural,Medium,42256,28,12,438.51,5262.12,290,8,5,0.12,0.11,0.193,7,Travel
CUST00136,34,Male,Urban,Medium,49727,30,2,255.02,510.04,83,6,10,0.0,0.48,0.007,9,Home & Garden
CUST00137,49,Female,Urban,Medium,51048,35,33,37.14,1225.62,9,7,3,0.5,0.26,0.171,10,Grocery
CUST00138,19,Female,Rural,Low,25396,25,29,29.54,856.66,106,7,4,0.95,0.39,0.243,3,Home & Garden
CUST00139,36,Female,Urban,High,85591,54,48,121.42,5828.16,216,8,0,0.57,0.54,0.183,2,Sports
CUST00140,41,Female,Suburban,Low,16908,1,30,422.96,12688.8,50,9,7,0.37,0.01,0.089,10,Home & Garden
CUST00141,70,Female,Suburban,High,84878,50,27,314.53,8492.31,122,3,1,0.03,0.28,0.217,5,Books
CUST00142,29,Female,Urban,High,94191,44,16,285.85,4573.6,336,7,7,0.91,0.99,0.044,6,Travel
CUST00143,32,Male,Urban,Medium,57982,25,5,166.3,831.5,28,1,8,0.33,0.06,0.268,5,Home & Garden
CUST00144,39,Male,Urban,High,84247,47,46,465.42,21409.32,19,6,2,0.7,0.32,0.03,5,Electronics
CUST00145,70,Female,Urban,Medium,45730,25,43,172.28,7408.04,155,9,6,0.69,0.32,0.259,6,Electronics
CUST00146,63,Female,Urban,High,86913,41,9,419.12,3772.08,5,7,3,0.25,0.38,0.149,4,Books
CUST00147,19,Male,Urban,High,96225,63,37,448.99,16612.63,11,3,4,0.06,0.68,0.129,4,Home & Garden
CUST00148,30,Female,Suburban,High,89132,34,19,246.83,4689.77,67,7,5,0.39,0.25,0.15,4,Grocery
CUST00149,61,Female,Rural,High,86511,31,23,448.2,10308.6,38,4,2,0.32,0.46,0.06,7,Sports
CUST00150,21,Male,Suburban,High,87157,28,45,145.63,6553.35,296,5,8,0.7,0.64,0.137,8,Travel
CUST00151,63,Male,Urban,Very High,151570,85,44,332.63,14635.72,45,3,4,0.82,0.32,0.255,6,Home & Garden
CUST00152,32,Female,Urban,Medium,48192,21,10,53.1,531.0,192,7,5,0.22,0.95,0.24,7,Grocery
CUST00153,66,Female,Urban,High,84246,40,16,242.23,3875.68,258,2,8,0.53,0.98,0.049,4,Books
CUST00154,33,Male,Urban,High,95122,52,43,116.49,5009.07,229,5,2,0.04,0.12,0.202,8,Electronics
CUST00155,41,Female,Rural,Medium,48756,22,48,40.75,1956.0,239,10,4,0.21,0.34,0.257,4,Books
CUST00156,53,Male,Urban,Very High,146107,75,5,11.83,59.15,131,8,10,0.76,0.21,0.246,4,Sports
CUST00157,24,Female,Urban,Medium,53655,12,44,169.13,7441.72,325,5,4,0.79,0.19,0.128,0,Electronics
CUST00158,47,Male,Suburban,Medium,53925,15,26,298.87,7770.62,26,10,1,0.78,0.49,0.014,2,Fashion
CUST00159,44,Female,Urban,Low,14480,20,31,233.06,7224.86,40,1,3,0.14,0.56,0.279,8,Beauty
CUST00160,59,Male,Urban,Low,13179,4,4,157.87,631.48,313,10,10,0.55,0.43,0.119,0,Books
CUST00161,70,Male,Urban,High,82726,31,36,495.69,17844.84,25,4,8,0.42,0.27,0.108,2,Fashion
CUST00162,53,Female,Suburban,Medium,54252,23,36,470.37,16933.32,71,9,8,0.99,0.28,0.228,8,Beauty
CUST00163,39,Male,Suburban,Medium,52012,21,35,71.57,2504.95,64,10,2,0.65,0.99,0.079,9,Travel
CUST00164,39,Male,Urban,Low,24673,5,42,213.4,8962.8,13,7,9,0.94,0.92,0.25,4,Beauty
CUST00165,40,Male,Rural,Medium,52023,20,50,327.93,16396.5,43,7,4,0.15,0.08,0.023,4,Beauty
CUST00166,61,Female,Rural,High,88427,51,45,369.41,16623.45,210,8,8,0.45,0.66,0.222,5,Fashion
CUST00167,35,Female,Suburban,High,91433,33,39,189.52,7391.28,242,3,9,0.77,0.46,0.29,8,Beauty
CUST00168,26,Other,Urban,Low,23560,5,52,375.68,19535.36,31,2,2,0.37,0.69,0.299,5,Beauty
CUST00169,35,Male,Urban,Medium,48381,23,36,70.83,2549.88,344,4,10,0.63,0.6,0.277,1,Electronics
CUST00170,19,Male,Rural,Medium,56643,29,35,172.59,6040.65,35,5,6,0.51,0.89,0.261,4,Grocery
CUST00171,23,Male,Urban,Medium,56394,40,29,361.05,10470.45,251,8,8,0.99,0.07,0.084,2,Travel
CUST00172,22,Female,Suburban,Medium,54812,40,40,316.58,12663.2,293,3,8,0.17,0.35,0.29,7,Travel
CUST00173,58,Other,Suburban,Medium,57877,22,4,420.23,1680.92,191,6,1,0.94,0.99,0.278,1,Fashion
CUST00174,56,Female,Urban,Medium,48247,25,27,32.96,889.92,180,1,8,0.4,0.18,0.16,6,Beauty
CUST00175,54,Female,Suburban,Medium,43825,6,23,95.45,2195.35,40,1,2,0.47,0.13,0.121,1,Sports
CUST00176,42,Male,Rural,Medium,49747,28,48,33.76,1620.48,89,10,2,0.53,0.73,0.033,10,Sports
CUST00177,56,Female,Suburban,Medium,53934,15,4,104.14,416.56,311,9,1,0.27,0.78,0.177,7,Sports
CUST00178,26,Female,Urban,High,94470,34,34,12.1,411.4,128,9,1,0.96,0.67,0.21,1,Books
CUST00179,65,Male,Rural,High,88216,49,10,257.06,2570.6,13,4,10,0.91,0.78,0.121,10,Home & Garden
CUST00180,44,Male,Suburban,Medium,46681,13,46,268.87,12368.02,267,6,3,0.97,0.69,0.122,6,Sports
CUST00181,67,Male,Suburban,High,89128,43,45,332.37,14956.65,250,7,4,1.0,0.14,0.172,6,Beauty
CUST00182,26,Male,Suburban,High,94862,35,13,198.61,2581.93,25,3,5,0.67,0.61,0.008,0,Sports
CUST00183,44,Male,Suburban,Low,12969,14,46,11.57,532.22,19,8,7,0.45,0.78,0.287,2,Travel
CUST00184,54,Male,Urban,Medium,47249,31,26,340.21,8845.46,43,7,6,0.85,0.87,0.087,8,Fashion
CUST00185,44,Female,Urban,Medium,45678,24,51,36.6,1866.6,19,5,5,0.02,0.25,0.042,5,Travel
CUST00186,41,Male,Urban,High,94896,57,38,434.42,16507.96,225,5,9,0.83,0.13,0.002,6,Beauty
CUST00187,26,Male,Suburban,Low,19514,7,2,21.1,42.2,49,4,5,0.5,0.78,0.257,10,Travel
CUST00188,38,Female,Suburban,High,83388,31,11,269.93,2969.23,222,9,8,0.67,0.26,0.259,4,Grocery
CUST00189,30,Female,Suburban,Medium,46188,12,21,448.51,9418.71,65,10,10,0.37,0.03,0.029,4,Home & Garden
CUST00190,33,Female,Urban,Medium,42710,12,11,290.52,3195.72,355,10,7,0.37,0.83,0.046,8,Electronics
CUST00191,54,Male,Suburban,Very High,149609,65,7,308.12,2156.84,265,8,0,0.03,0.51,0.134,0,Travel
CUST00192,51,Female,Rural,Medium,57963,23,51,343.99,17543.49,137,4,2,0.42,0.33,0.056,5,Books
CUST00193,50,Male,Urban,High,91076,36,46,69.98,3219.08,157,8,6,0.41,0.01,0.221,9,Grocery
CUST00194,37,Male,Suburban,Very High,155912,80,23,340.71,7836.33,24,3,5,0.22,0.04,0.017,2,Electronics
CUST00195,68,Female,Suburban,High,93882,35,12,441.37,5296.44,21,9,3,0.25,0.79,0.165,3,Beauty
CUST00196,22,Female,Suburban,Low,26126,17,10,487.37,4873.7,197,3,3,0.58,0.49,0.115,5,Beauty
CUST00197,36,Female,Urban,High,86976,38,48,227.1,10900.8,9,5,0,0.32,0.15,0.139,0,Sports
CUST00198,24,Female,Suburban,Low,27221,19,18,178.81,3218.58,233,1,2,0.83,0.36,0.127,0,Fashion
CUST00199,35,Female,Rural,Medium,45818,22,1,379.12,379.12,140,1,8,0.11,0.17,0.046,2,Travel
CUST00200,68,Male,Suburban,High,89013,57,21,276.01,5796.21,51,4,0,0.58,0.11,0.066,9,Home & Garden
CUST00201,37,Male,Rural,High,92901,44,24,136.08,3265.92,196,6,9,0.16,0.28,0.019,2,Beauty
CUST00202,66,Male,Rural,Medium,46589,17,33,94.36,3113.88,202,1,3,0.53,0.55,0.035,8,Books
CUST00203,44,Male,Urban,Medium,46231,26,18,93.41,1681.38,273,9,8,0.55,0.21,0.293,4,Sports
CUST00204,55,Female,Suburban,High,84080,47,48,235.0,11280.0,73,2,2,0.64,0.34,0.084,8,Electronics
CUST00205,42,Male,Urban,High,82067,39,34,93.36,3174.24,200,10,9,0.43,0.48,0.092,3,Travel
CUST00206,32,Female,Rural,Medium,50019,27,52,19.66,1022.32,309,3,6,0.51,0.42,0.038,9,Beauty
CUST00207,58,Female,Urban,High,97789,47,20,35.52,710.4,99,4,9,0.18,0.13,0.227,4,Travel
CUST00208,69,Female,Urban,Low,15520,1,34,465.64,15831.76,305,2,0,0.46,0.04,0.277,8,Sports
CUST00209,31,Male,Rural,Low,19042,3,19,45.75,869.25,265,9,8,0.37,0.04,0.237,9,Travel
CUST00210,59,Male,Urban,Medium,56969,41,37,45.86,1696.82,157,8,2,0.67,0.35,0.184,4,Books
CUST00211,31,Other,Suburban,Very High,154357,82,39,231.08,9012.12,323,1,3,0.43,0.72,0.244,7,Fashion
CUST00212,55,Female,Urban,Low,12064,1,17,130.1,2211.7,353,2,0,0.78,0.13,0.121,1,Fashion
CUST00213,59,Female,Rural,Low,20010,24,49,481.72,23604.28,87,7,10,0.43,0.79,0.258,5,Fashion
CUST00214,41,Female,Rural,Low,14291,14,45,456.38,20537.1,358,9,7,0.24,0.72,0.24,4,Books
CUST00215,57,Female,Urban,High,85952,28,47,208.32,9791.04,1,2,10,0.27,0.0,0.001,10,Fashion
CUST00216,32,Male,Suburban,Low,15943,14,12,229.88,2758.56,48,3,6,0.05,0.03,0.146,10,Home & Garden
CUST00217,22,Female,Urban,Medium,51800,28,38,193.81,7364.78,16,6,1,0.54,0.2,0.079,8,Books
CUST00218,23,Male,Suburban,Very High,145183,85,6,28.55,171.3,135,2,3,0.83,0.06,0.026,10,Home & Garden
CUST00219,41,Female,Suburban,Low,16030,8,6,153.49,920.94,342,4,4,0.77,0.53,0.254,10,Electronics
CUST00220,65,Female,Suburban,Medium,45612,23,51,70.11,3575.61,220,1,1,0.44,0.04,0.002,8,Grocery
CUST00221,24,Female,Urban,Medium,47710,17,8,60.16,481.28,226,5,10,0.2,0.8,0.219,6,Electronics
CUST00222,42,Male,Urban,High,92497,40,45,284.82,12816.9,31,8,10,0.86,0.49,0.296,2,Home & Garden
CUST00223,55,Male,Suburban,Medium,48399,28,23,58.39,1342.97,189,5,6,0.06,0.73,0.145,8,Beauty
CUST00224,28,Female,Suburban,Medium,47240,33,16,60.44,967.04,140,3,6,0.4,0.75,0.111,2,Sports
CUST00225,56,Male,Urban,Low,20282,22,4,245.45,981.8,175,5,7,0.86,0.51,0.182,2,Beauty
CUST00226,34,Male,Urban,High,91841,53,36,226.72,8161.92,96,6,7,0.39,0.93,0.241,9,Electronics
CUST00227,60,Male,Urban,High,82245,44,38,77.44,2942.72,74,2,0,0.12,0.99,0.072,1,Books
CUST00228,48,Male,Rural,Low,26245,13,25,12.18,304.5,348,2,5,0.27,0.36,0.075,1,Home & Garden
CUST00229,46,Male,Urban,Medium,56663,23,43,104.56,4496.08,204,2,8,0.6,0.13,0.182,5,Grocery
CUST00230,27,Female,Urban,High,91641,53,17,125.59,2135.03,151,10,8,0.15,0.36,0.282,6,Beauty
CUST00231,42,Male,Rural,Low,21194,4,29,402.12,11661.48,27,8,6,0.65,0.22,0.09,0,Fashion
CUST00232,63,Male,Urban,Medium,53113,19,15,458.56,6878.4,279,2,9,0.44,0.53,0.113,4,Home & Garden
CUST00233,19,Male,Suburban,Medium,49054,35,31,208.91,6476.21,173,4,6,0.33,0.38,0.298,2,Home & Garden
CUST00234,58,Male,Urban,Medium,47848,26,8,208.46,1667.68,142,5,4,0.24,0.48,0.053,3,Fashion
CUST00235,44,Male,Rural,Medium,47643,18,25,359.12,8978.0,244,2,4,0.82,0.76,0.023,1,Travel
CUST00236,56,Female,Suburban,Medium,44555,33,29,317.19,9198.51,49,9,7,0.4,0.27,0.177,7,Grocery
CUST00237,53,Male,Rural,Low,25459,26,29,100.23,2906.67,195,10,9,0.74,0.54,0.007,5,Electronics
CUST00238,40,Male,Urban,Medium,47129,17,24,62.77,1506.48,316,3,2,0.44,0.34,0.054,10,Home & Garden
CUST00239,34,Male,Suburban,High,86550,44,34,224.43,7630.62,170,1,3,0.09,0.78,0.187,0,Travel
CUST00240,51,Male,Suburban,Medium,57429,27,27,286.77,7742.79,1,3,7,0.44,0.64,0.198,8,Beauty
CUST00241,25,Male,Urban,Low,20107,16,15,77.97,1169.55,84,6,8,0.51,0.01,0.153,10,Beauty
CUST00242,48,Male,Urban,High,91949,59,12,153.7,1844.4,21,9,4,0.46,0.66,0.115,5,Travel
CUST00243,23,Female,Urban,Low,15927,9,34,159.91,5436.94,183,4,7,0.82,0.17,0.173,7,Electronics
CUST00244,52,Male,Rural,High,86440,52,49,138.04,6763.96,134,3,0,0.91,0.72,0.193,4,Sports
CUST00245,51,Female,Suburban,Medium,53654,29,40,235.77,9430.8,49,3,3,0.79,0.57,0.241,6,Grocery
CUST00246,22,Female,Suburban,High,89215,56,34,330.0,11220.0,251,1,10,0.58,0.4,0.238,9,Beauty
CUST00247,58,Male,Suburban,Low,14364,4,48,259.6,12460.8,65,1,6,0.54,0.69,0.199,5,Books
CUST00248,40,Male,Suburban,Low,25369,8,47,108.71,5109.37,125,5,9,0.64,0.86,0.268,6,Electronics
CUST00249,59,Female,Urban,Medium,48444,22,27,60.44,1631.88,361,7,2,0.29,0.78,0.251,10,Fashion
CUST00250,20,Female,Urban,Low,22695,26,6,412.72,2476.32,25,1,3,0.81,0.55,0.04,5,Travel
CUST00251,27,Male,Suburban,Low,17460,11,33,244.86,8080.38,91,3,10,0.86,0.72,0.287,1,Home & Garden
CUST00252,44,Male,Urban,High,90971,34,33,40.45,1334.85,117,10,10,0.27,0.41,0.268,7,Grocery
CUST00253,27,Male,Rural,High,94410,33,15,136.48,2047.2,186,10,9,0.9,0.79,0.096,7,Fashion
CUST00254,35,Male,Suburban,Low,26163,14,45,403.98,18179.1,90,7,3,0.85,0.83,0.006,2,Grocery
CUST00255,53,Female,Urban,High,85317,51,46,378.35,17404.1,355,6,8,0.42,0.14,0.181,8,Electronics
CUST00256,25,Male,Suburban,High,92759,45,18,439.15,7904.7,2,6,5,0.91,0.24,0.132,0,Fashion
CUST00257,53,Male,Urban,High,96635,50,25,305.02,7625.5,347,4,9,0.12,0.27,0.225,3,Fashion
CUST00258,23,Female,Rural,High,92284,55,11,217.22,2389.42,196,3,9,0.03,0.17,0.157,9,Electronics
CUST00259,27,Male,Rural,High,84289,43,10,219.05,2190.5,14,4,4,0.35,0.39,0.023,6,Travel
CUST00260,49,Male,Rural,Medium,45036,35,14,105.06,1470.84,43,7,3,0.57,0.19,0.073,6,Books
CUST00261,60,Female,Urban,High,85245,46,20,328.89,6577.8,38,7,10,0.35,0.6,0.265,6,Travel
CUST00262,27,Male,Urban,Very High,143702,78,15,296.68,4450.2,105,7,4,0.94,0.1,0.011,1,Fashion
CUST00263,33,Male,Urban,Low,24060,21,8,85.88,687.04,122,7,4,0.25,0.27,0.221,10,Grocery
CUST00264,67,Male,Urban,Medium,57443,32,24,443.97,10655.28,235,1,7,0.28,0.67,0.088,3,Grocery
CUST00265,70,Female,Urban,Low,20270,1,33,190.55,6288.15,114,7,10,0.63,0.4,0.136,8,Sports
CUST00266,48,Male,Urban,Very High,151582,73,17,34.37,584.29,265,9,1,0.0,0.42,0.159,10,Fashion
CUST00267,41,Male,Rural,Medium,54379,16,28,170.66,4778.48,108,7,10,0.73,0.8,0.075,2,Fashion
CUST00268,36,Male,Urban,High,88651,44,15,436.23,6543.45,97,6,4,0.38,0.98,0.196,6,Travel
CUST00269,50,Male,Urban,High,89559,33,37,459.31,16994.47,101,3,0,0.98,0.57,0.208,0,Grocery
CUST00270,49,Female,Suburban,Very High,151424,75,34,250.3,8510.2,121,8,3,0.69,0.08,0.026,6,Books
CUST00271,33,Male,Suburban,Low,16874,3,50,478.61,23930.5,306,5,5,0.05,0.1,0.112,4,Fashion
CUST00272,19,Female,Suburban,High,82989,26,3,438.87,1316.61,91,3,7,0.09,0.97,0.223,0,Travel
CUST00273,26,Female,Suburban,High,91084,33,45,414.36,18646.2,100,5,6,0.09,0.68,0.216,7,Beauty
CUST00274,68,Female,Rural,Low,25154,12,18,431.26,7762.68,350,2,1,0.95,0.75,0.163,10,Books
CUST00275,40,Male,Suburban,High,83171,28,4,197.12,788.48,239,10,5,0.68,0.68,0.233,0,Sports
CUST00276,43,Female,Suburban,Medium,45466,33,36,380.67,13704.12,70,8,2,0.43,0.18,0.032,9,Travel
CUST00277,42,Female,Suburban,Medium,46208,31,9,292.9,2636.1,317,4,2,0.2,0.45,0.035,9,Grocery
CUST00278,59,Male,Urban,Medium,54873,33,10,362.65,3626.5,67,8,7,0.87,0.8,0.197,6,Home & Garden
CUST00279,21,Female,Urban,Medium,50074,15,51,97.12,4953.12,60,1,8,0.2,0.87,0.208,9,Electronics
CUST00280,22,Female,Urban,Low,20550,19,12,368.38,4420.56,163,4,1,0.71,0.24,0.244,3,Fashion
CUST00281,32,Male,Urban,Low,22324,15,29,479.22,13897.38,253,7,6,0.76,0.6,0.054,7,Books
CUST00282,43,Female,Suburban,Low,16425,5,11,158.31,1741.41,70,1,4,0.29,0.16,0.155,7,Grocery
CUST00283,53,Male,Urban,Medium,53417,11,7,493.22,3452.54,275,8,3,0.5,0.96,0.198,6,Electronics
CUST00284,44,Female,Urban,Medium,42483,22,1,195.4,195.4,58,9,7,0.22,0.25,0.067,9,Grocery
CUST00285,41,Other,Urban,Low,13819,15,1,107.86,107.86,286,6,2,0.38,0.73,0.155,9,Grocery
CUST00286,67,Male,Suburban,High,95054,33,25,65.02,1625.5,35,3,8,0.97,0.23,0.192,8,Beauty
CUST00287,26,Female,Urban,High,92531,32,23,394.63,9076.49,170,8,4,0.69,0.62,0.064,6,Electronics
CUST00288,48,Male,Suburban,Medium,44823,18,3,281.86,845.58,234,4,1,0.85,0.66,0.113,10,Electronics
CUST00289,46,Female,Rural,Very High,149020,74,19,160.49,3049.31,97,8,8,0.54,0.33,0.065,6,Beauty
CUST00290,43,Female,Urban,Medium,42828,20,15,308.14,4622.1,224,7,9,0.24,0.82,0.271,7,Fashion
CUST00291,60,Male,Suburban,High,92750,44,30,172.73,5181.9,252,1,6,0.71,0.89,0.071,2,Home & Garden
CUST00292,32,Male,Urban,Low,24094,4,52,229.7,11944.4,238,1,7,0.5,0.86,0.036,3,Beauty
CUST00293,68,Male,Urban,High,86454,29,36,432.71,15577.56,145,1,1,0.18,0.33,0.011,9,Sports
CUST00294,35,Male,Suburban,Very High,147601,58,48,337.4,16195.2,283,1,3,0.41,0.74,0.013,5,Electronics
CUST00295,46,Male,Rural,High,85789,30,10,383.58,3835.8,268,3,3,0.63,0.56,0.057,5,Beauty
CUST00296,45,Male,Urban,Medium,48229,30,12,295.91,3550.92,120,1,8,0.74,0.59,0.182,8,Electronics
CUST00297,63,Male,Suburban,Medium,46357,32,40,495.79,19831.6,268,10,3,0.24,0.48,0.005,3,Fashion
CUST00298,41,Male,Urban,Medium,45953,20,17,128.29,2180.93,336,10,8,0.88,0.6,0.086,2,Electronics
CUST00299,33,Female,Suburban,High,88883,31,45,138.52,6233.4,299,2,3,0.38,0.14,0.017,0,Sports
CUST00300,19,Female,Suburban,High,95747,44,25,55.35,1383.75,268,4,6,0.27,0.41,0.121,2,Beauty
CUST00301,37,Female,Suburban,Very High,154204,92,11,281.47,3096.17,280,8,2,0.2,0.18,0.015,5,Beauty
CUST00302,61,Male,Suburban,Medium,46757,15,44,310.55,13664.2,294,7,6,0.8,0.28,0.182,7,Fashion
CUST00303,18,Female,Urban,Low,27086,13,29,365.72,10605.88,106,6,0,0.35,0.13,0.207,3,Grocery
CUST00304,65,Female,Suburban,Medium,45363,23,42,174.37,7323.54,264,10,8,0.48,0.21,0.219,4,Fashion
CUST00305,46,Male,Suburban,Low,26572,8,24,16.01,384.24,73,7,0,0.22,0.78,0.067,2,Grocery
CUST00306,25,Male,Suburban,Low,16948,6,7,319.79,2238.53,131,7,10,0.69,0.55,0.261,8,Fashion
CUST00307,34,Female,Urban,Medium,50644,24,36,499.36,17976.96,342,6,9,0.78,0.02,0.207,5,Beauty
CUST00308,47,Male,Urban,High,85250,41,7,154.33,1080.31,104,6,6,0.34,0.79,0.017,1,Books
CUST00309,34,Female,Urban,Low,24193,19,35,100.13,3504.55,308,3,10,0.95,0.91,0.132,6,Books
CUST00310,23,Other,Urban,Low,17082,11,22,148.07,3257.54,155,6,8,0.03,0.88,0.23,3,Fashion
CUST00311,53,Male,Urban,Low,25962,1,42,218.45,9174.9,77,10,1,0.13,0.82,0.093,9,Electronics
CUST00312,53,Male,Urban,High,83327,26,46,132.95,6115.7,36,4,8,0.59,0.99,0.114,2,Electronics
CUST00313,24,Other,Suburban,High,90032,42,22,180.01,3960.22,201,2,4,0.7,0.59,0.189,9,Books
CUST00314,32,Female,Urban,Low,14536,20,46,322.72,14845.12,165,6,9,0.25,0.96,0.017,7,Travel
CUST00315,30,Male,Suburban,Low,26224,1,6,179.06,1074.36,187,8,9,0.55,0.95,0.29,1,Fashion
CUST00316,52,Female,Suburban,Medium,48673,11,6,204.07,1224.42,16,10,10,0.32,0.31,0.052,8,Travel
CUST00317,56,Female,Suburban,Medium,52792,32,52,29.62,1540.24,98,6,4,0.55,0.86,0.008,7,Sports
CUST00318,56,Female,Urban,Medium,56072,26,30,459.79,13793.7,2,8,2,0.66,0.79,0.002,5,Fashion
CUST00319,67,Female,Urban,Medium,50570,17,24,209.37,5024.88,111,3,1,0.97,0.78,0.12,1,Grocery
CUST00320,58,Male,Suburban,Very High,142916,62,9,170.79,1537.11,340,5,1,0.46,0.9,0.265,5,Grocery
CUST00321,34,Male,Rural,Medium,45531,27,16,52.38,838.08,56,5,10,0.65,0.38,0.246,6,Books
CUST00322,23,Female,Urban,High,85403,43,36,320.75,11547.0,252,4,6,0.58,0.4,0.274,1,Fashion
CUST00323,50,Male,Suburban,Low,26627,17,43,433.27,18630.61,3,8,3,0.32,0.64,0.16,3,Fashion
CUST00324,66,Female,Suburban,Very High,156534,71,48,30.17,1448.16,206,9,4,0.25,0.74,0.135,7,Beauty
CUST00325,69,Female,Suburban,Very High,149631,75,22,81.18,1785.96,337,4,1,0.99,0.88,0.116,6,Grocery
CUST00326,30,Male,Urban,High,96241,59,24,81.73,1961.52,125,2,6,0.21,0.88,0.014,10,Grocery
CUST00327,30,Female,Suburban,Medium,45936,16,9,305.11,2745.99,72,9,4,0.79,0.72,0.273,2,Books
CUST00328,19,Male,Urban,Low,22871,8,5,461.4,2307.0,209,9,8,0.15,0.96,0.149,8,Travel
CUST00329,25,Female,Rural,High,88271,34,23,224.51,5163.73,102,10,0,0.8,0.18,0.137,4,Sports
CUST00330,47,Male,Urban,High,85847,46,31,178.47,5532.57,326,3,10,0.19,0.95,0.155,2,Books
CUST00331,46,Female,Urban,Low,16000,1,6,385.26,2311.56,310,8,0,0.97,0.06,0.238,10,Books
CUST00332,37,Female,Rural,Medium,48717,16,22,373.86,8224.92,239,8,4,0.69,0.56,0.067,6,Sports
CUST00333,34,Male,Urban,Medium,47434,30,34,130.91,4450.94,234,8,3,0.09,0.09,0.213,5,Books
CUST00334,61,Female,Urban,High,85379,27,43,88.8,3818.4,220,9,7,0.69,0.57,0.213,3,Electronics
CUST00335,42,Female,Urban,High,87346,58,49,185.33,9081.17,269,10,7,0.6,0.39,0.255,9,Electronics
CUST00336,60,Female,Urban,Medium,44057,19,18,390.05,7020.9,168,5,2,0.34,0.08,0.003,0,Travel
CUST00337,69,Female,Urban,Medium,57515,25,21,350.58,7362.18,354,1,5,0.26,0.65,0.051,1,Fashion
CUST00338,34,Other,Urban,Medium,48080,25,46,336.27,15468.42,127,2,5,0.72,0.73,0.141,1,Beauty
CUST00339,28,Male,Suburban,Medium,43718,25,37,416.42,15407.54,4,9,5,0.74,0.17,0.255,7,Home & Garden
CUST00340,68,Female,Suburban,Low,21213,9,15,145.79,2186.85,255,9,0,0.33,0.69,0.29,1,Books
CUST00341,51,Male,Urban,High,96130,60,36,176.45,6352.2,242,1,1,0.88,0.18,0.178,8,Beauty
CUST00342,33,Female,Suburban,Medium,47759,37,9,30.75,276.75,359,4,5,0.27,0.14,0.064,2,Electronics
CUST00343,50,Female,Urban,Medium,55524,18,24,435.69,10456.56,145,3,2,0.07,0.15,0.055,7,Grocery
CUST00344,45,Male,Rural,Low,21773,16,16,295.39,4726.24,156,4,5,0.6,0.6,0.192,8,Beauty
CUST00345,65,Male,Urban,Low,23828,5,52,156.08,8116.16,206,7,1,0.11,0.78,0.063,9,Travel
CUST00346,31,Female,Suburban,Medium,46740,38,2,44.01,88.02,144,6,8,0.28,0.6,0.166,3,Books
CUST00347,70,Male,Urban,Low,12590,1,45,364.47,16401.15,287,5,2,0.51,0.81,0.25,0,Travel
CUST00348,67,Female,Suburban,Low,17533,2,15,376.88,5653.2,157,5,7,0.29,0.59,0.117,8,Travel
CUST00349,27,Male,Urban,High,96792,55,2,336.43,672.86,287,7,9,0.21,0.8,0.114,4,Travel
CUST00350,26,Other,Suburban,Medium,54651,36,35,109.85,3844.75,156,7,3,0.7,0.98,0.011,10,Sports
CUST00351,46,Male,Urban,Medium,54547,15,36,457.48,16469.28,83,1,1,0.55,0.39,0.076,2,Grocery
CUST00352,20,Male,Rural,Medium,56053,30,8,379.05,3032.4,362,2,0,0.84,0.15,0.209,6,Sports
CUST00353,33,Female,Suburban,High,87972,38,2,332.3,664.6,193,4,3,0.58,0.14,0.108,1,Books
CUST00354,41,Female,Suburban,Medium,47152,26,6,328.96,1973.76,258,5,1,0.48,0.6,0.047,5,Home & Garden
CUST00355,69,Male,Suburban,High,96804,50,22,453.14,9969.08,216,10,9,0.26,0.55,0.032,0,Books
CUST00356,70,Male,Rural,Very High,151144,90,7,464.87,3254.09,132,9,10,0.79,0.18,0.029,8,Beauty
CUST00357,26,Female,Urban,High,86767,56,37,301.86,11168.82,355,7,10,0.2,0.88,0.198,6,Fashion
CUST00358,65,Female,Urban,Medium,46450,28,5,214.17,1070.85,136,1,10,0.24,0.96,0.184,1,Travel
CUST00359,22,Male,Urban,High,96037,54,42,188.23,7905.66,363,2,6,0.84,0.25,0.156,5,Books
CUST00360,57,Female,Urban,Medium,42853,33,46,411.35,18922.1,158,5,3,0.74,0.21,0.15,4,Sports
CUST00361,62,Female,Suburban,Medium,42987,11,38,325.86,12382.68,9,6,4,0.61,0.21,0.046,7,Fashion
CUST00362,65,Female,Rural,Medium,53806,33,50,47.86,2393.0,14,7,2,0.04,0.39,0.15,5,Fashion
CUST00363,29,Female,Rural,Medium,42021,29,49,79.67,3903.83,356,2,9,0.13,0.85,0.018,5,Books
CUST00364,65,Female,Suburban,Low,14736,1,3,451.09,1353.27,193,9,4,0.5,0.6,0.278,9,Electronics
CUST00365,24,Male,Suburban,Medium,57851,40,18,443.4,7981.2,142,5,4,0.75,0.07,0.017,5,Home & Garden
CUST00366,45,Female,Rural,Low,18811,15,40,476.4,19056.0,297,6,7,0.46,0.47,0.127,8,Sports
CUST00367,42,Female,Rural,Medium,53643,21,18,219.65,3953.7,226,1,4,0.02,0.09,0.0,9,Fashion
CUST00368,34,Female,Urban,Medium,49793,24,39,394.19,15373.41,242,9,3,0.18,0.41,0.236,9,Books
CUST00369,19,Male,Suburban,Very High,143449,71,41,415.83,17049.03,251,6,2,0.59,0.4,0.05,10,Sports
CUST00370,58,Male,Suburban,Low,14951,20,52,164.69,8563.88,73,3,0,0.69,0.65,0.277,7,Electronics
CUST00371,35,Female,Urban,Medium,54178,42,18,81.22,1461.96,33,4,0,0.03,0.55,0.013,6,Grocery
CUST00372,53,Male,Urban,Medium,43512,31,19,498.54,9472.26,266,4,4,0.04,0.87,0.246,5,Home & Garden
CUST00373,39,Other,Rural,Low,21514,15,2,24.81,49.62,8,1,10,0.26,0.02,0.197,2,Fashion
CUST00374,37,Male,Rural,Low,17568,1,15,302.69,4540.35,263,10,2,0.08,0.77,0.075,9,Travel
CUST00375,64,Female,Rural,Low,17925,21,15,328.6,4929.0,48,9,7,0.54,0.02,0.061,7,Grocery
CUST00376,23,Female,Suburban,Low,27237,2,24,344.08,8257.92,96,9,3,0.12,0.3,0.107,9,Sports
CUST00377,57,Male,Urban,Medium,51695,15,22,135.26,2975.72,259,4,3,0.65,0.88,0.249,7,Sports
CUST00378,57,Male,Urban,Medium,51842,12,45,363.57,16360.65,228,6,1,0.78,0.69,0.259,5,Fashion
CUST00379,38,Female,Suburban,Medium,47606,37,41,116.04,4757.64,286,5,6,0.97,0.17,0.053,3,Sports
CUST00380,31,Female,Suburban,Low,18102,9,38,416.23,15816.74,223,5,7,0.95,0.49,0.106,10,Grocery
CUST00381,18,Male,Suburban,Low,22973,3,1,117.37,117.37,18,6,3,0.27,0.72,0.071,8,Electronics
CUST00382,67,Female,Suburban,Low,12622,1,25,351.39,8784.75,307,5,5,0.03,0.94,0.037,9,Home & Garden
CUST00383,68,Female,Urban,Medium,45797,19,38,393.87,14967.06,79,8,5,0.33,0.63,0.194,6,Sports
CUST00384,30,Male,Suburban,Medium,51604,32,13,102.58,1333.54,50,1,2,0.71,0.02,0.104,5,Electronics
CUST00385,19,Male,Urban,Medium,51977,40,23,126.61,2912.03,321,2,7,0.06,0.5,0.068,0,Books
CUST00386,24,Male,Urban,Low,13476,8,38,391.76,14886.88,72,9,6,0.36,0.15,0.26,0,Beauty
CUST00387,21,Male,Urban,Low,24606,15,42,52.14,2189.88,196,9,0,0.3,0.05,0.224,7,Grocery
CUST00388,62,Male,Urban,Very High,150681,85,45,103.47,4656.15,178,9,5,0.22,0.6,0.232,2,Sports
CUST00389,65,Male,Rural,Low,15803,19,23,233.21,5363.83,281,4,4,0.71,0.78,0.012,0,Grocery
CUST00390,26,Female,Urban,Low,24031,5,21,465.79,9781.59,17,5,8,0.66,0.04,0.275,8,Beauty
CUST00391,57,Male,Urban,Low,27855,28,20,285.32,5706.4,39,1,3,0.54,0.78,0.172,6,Fashion
CUST00392,27,Female,Suburban,Very High,148777,75,35,199.96,6998.6,152,3,10,0.91,0.71,0.151,1,Sports
CUST00393,37,Male,Suburban,Medium,46535,36,22,489.4,10766.8,173,8,6,0.1,0.75,0.003,5,Electronics
CUST00394,49,Male,Urban,Medium,46790,11,21,237.22,4981.62,288,4,1,0.15,0.24,0.269,5,Electronics
CUST00395,56,Female,Urban,Very High,151482,63,9,222.53,2002.77,222,5,4,0.38,0.39,0.163,0,Grocery
CUST00396,64,Female,Urban,Low,12758,18,25,211.71,5292.75,55,2,9,0.66,0.12,0.248,6,Fashion
CUST00397,20,Male,Suburban,Very High,149735,79,13,162.97,2118.61,358,5,2,0.58,0.24,0.197,4,Home & Garden
CUST00398,28,Male,Urban,Low,12396,1,28,169.59,4748.52,168,8,7,0.07,0.3,0.239,9,Fashion
CUST00399,32,Male,Urban,Medium,42617,33,47,347.04,16310.88,353,6,8,0.96,0.32,0.208,1,Fashion
CUST00400,34,Female,Urban,Medium,48880,12,41,30.01,1230.41,362,6,7,0.31,0.18,0.276,9,Electronics
CUST00401,70,Male,Suburban,Medium,53928,32,25,344.09,8602.25,19,10,0,0.36,0.19,0.068,0,Travel
CUST00402,59,Male,Urban,Very High,156134,69,51,108.59,5538.09,185,3,4,0.62,0.9,0.061,8,Beauty
CUST00403,34,Male,Suburban,Low,13402,1,51,198.26,10111.26,155,3,3,0.95,0.78,0.214,8,Fashion
CUST00404,69,Female,Urban,Very High,145905,81,24,81.8,1963.2,182,7,3,0.66,0.34,0.15,4,Electronics
CUST00405,44,Female,Suburban,Medium,48747,35,40,280.85,11234.0,114,5,9,0.95,0.95,0.18,3,Books
CUST00406,44,Female,Urban,Medium,51185,13,18,367.38,6612.84,204,10,0,0.19,0.24,0.213,1,Beauty
CUST00407,40,Female,Urban,Very High,157793,65,46,183.78,8453.88,180,1,5,0.62,0.41,0.164,3,Travel
CUST00408,25,Male,Urban,Low,22949,15,20,90.07,1801.4,68,2,10,0.83,0.81,0.236,7,Fashion
CUST00409,67,Male,Suburban,Very High,150614,60,14,120.99,1693.86,106,4,9,0.51,0.44,0.096,7,Grocery
CUST00410,18,Male,Rural,Medium,42973,29,7,410.88,2876.16,54,5,6,0.36,0.23,0.258,1,Electronics
CUST00411,27,Female,Urban,High,83293,54,44,141.15,6210.6,308,9,10,0.98,0.37,0.032,0,Home & Garden
CUST00412,30,Female,Urban,Low,14449,15,16,389.6,6233.6,248,5,4,0.14,0.5,0.19,6,Fashion
CUST00413,32,Female,Rural,Medium,52573,18,43,172.29,7408.47,142,5,6,0.41,0.62,0.267,6,Electronics
CUST00414,24,Other,Suburban,High,87300,33,5,102.48,512.4,145,2,5,0.87,0.41,0.076,10,Sports
CUST00415,18,Other,Urban,Medium,45855,28,27,366.38,9892.26,29,5,0,0.9,0.43,0.098,8,Travel
CUST00416,53,Female,Urban,Low,22722,1,23,239.59,5510.57,106,6,0,0.98,0.26,0.092,6,Beauty
CUST00417,69,Male,Suburban,Low,25046,13,23,25.33,582.59,338,6,9,0.88,0.54,0.169,6,Books
CUST00418,24,Male,Suburban,High,89025,42,9,480.37,4323.33,12,7,1,0.05,0.22,0.124,7,Books
CUST00419,33,Male,Suburban,Low,26110,21,4,82.4,329.6,54,5,3,0.93,0.87,0.032,4,Travel
CUST00420,44,Female,Rural,High,93747,37,19,183.17,3480.23,309,2,6,0.43,0.75,0.267,7,Fashion
CUST00421,67,Male,Urban,Very High,153460,84,25,198.55,4963.75,190,2,6,0.65,0.41,0.061,2,Grocery
CUST00422,54,Female,Urban,Low,25882,18,42,249.82,10492.44,12,2,5,0.39,0.75,0.16,9,Sports
CUST00423,58,Female,Urban,Low,14941,1,25,394.87,9871.75,179,7,10,0.81,0.01,0.178,9,Books
CUST00424,48,Female,Urban,High,94134,43,13,12.98,168.74,274,9,8,0.58,0.34,0.012,4,Books
CUST00425,40,Male,Urban,Low,27324,1,14,466.91,6536.74,126,9,10,0.85,0.44,0.029,5,Beauty
CUST00426,28,Male,Urban,Medium,57876,26,32,326.53,10448.96,140,4,7,0.19,0.47,0.292,5,Grocery
CUST00427,63,Male,Urban,High,91249,38,23,475.82,10943.86,231,1,10,0.18,0.75,0.199,8,Grocery
CUST00428,60,Female,Suburban,Medium,54070,15,47,410.52,19294.44,219,7,6,0.44,0.96,0.01,1,Electronics
CUST00429,19,Female,Urban,Medium,56218,30,23,464.64,10686.72,330,1,5,0.0,0.38,0.238,3,Grocery
CUST00430,55,Female,Urban,High,95635,49,30,304.49,9134.7,91,7,8,0.69,0.35,0.153,6,Fashion
CUST00431,22,Male,Suburban,Medium,56365,15,4,185.08,740.32,101,4,9,0.3,0.61,0.023,7,Travel
CUST00432,57,Male,Suburban,Low,25318,2,11,227.03,2497.33,57,9,0,0.56,0.28,0.204,3,Electronics
CUST00433,61,Male,Suburban,Medium,48101,11,45,332.44,14959.8,243,7,10,0.07,0.14,0.15,1,Grocery
CUST00434,24,Female,Suburban,High,93684,52,18,219.2,3945.6,195,8,7,0.17,0.96,0.061,5,Travel
CUST00435,40,Female,Suburban,High,88567,39,22,368.52,8107.44,127,5,9,0.62,0.81,0.263,7,Travel
CUST00436,24,Male,Urban,Medium,54829,14,31,55.01,1705.31,254,9,7,0.31,0.96,0.087,8,Home & Garden
CUST00437,48,Female,Urban,Medium,54964,17,4,416.69,1666.76,138,6,10,0.21,0.22,0.085,0,Home & Garden
CUST00438,67,Male,Suburban,Low,26955,28,27,110.05,2971.35,72,7,3,0.23,0.02,0.082,0,Sports
CUST00439,22,Female,Urban,Low,21413,2,19,472.53,8978.07,198,4,2,0.21,0.44,0.23,4,Books
CUST00440,39,Male,Urban,Low,19603,15,8,86.22,689.76,160,5,2,0.62,0.93,0.212,6,Books
CUST00441,69,Male,Urban,Very High,144648,71,22,73.29,1612.38,148,9,2,0.17,0.14,0.271,0,Sports
CUST00442,33,Female,Urban,Low,22213,1,24,407.82,9787.68,163,4,2,0.36,0.12,0.069,1,Grocery
CUST00443,25,Male,Urban,High,91063,39,10,411.16,4111.6,334,1,4,0.69,0.07,0.236,4,Grocery
CUST00444,43,Male,Urban,Low,20239,1,29,371.99,10787.71,79,4,2,0.51,0.77,0.172,3,Beauty
CUST00445,44,Male,Suburban,Medium,52821,34,39,480.66,18745.74,101,4,1,0.6,0.79,0.093,7,Books
CUST00446,53,Male,Rural,Medium,55617,22,14,142.56,1995.84,207,5,5,0.25,0.7,0.011,0,Electronics
CUST00447,34,Female,Urban,Medium,44378,22,51,415.06,21168.06,18,1,8,0.93,0.05,0.246,9,Books
CUST00448,68,Female,Rural,High,88902,33,32,182.5,5840.0,54,2,1,0.41,0.72,0.072,1,Home & Garden
CUST00449,45,Female,Urban,Very High,153557,86,41,273.33,11206.53,207,4,5,0.29,0.45,0.19,4,Fashion
CUST00450,33,Male,Rural,High,95116,38,4,228.34,913.36,187,5,7,0.9,0.16,0.165,10,Electronics
CUST00451,68,Female,Rural,Low,24454,14,40,12.87,514.8,239,1,7,0.66,0.3,0.001,7,Grocery
CUST00452,67,Male,Urban,High,94790,59,18,291.49,5246.82,42,4,1,0.61,0.5,0.298,10,Fashion
CUST00453,44,Male,Suburban,Low,25681,19,37,376.28,13922.36,312,4,8,0.89,0.33,0.244,0,Electronics
CUST00454,19,Male,Rural,Very High,157391,81,42,95.53,4012.26,178,1,0,0.06,0.97,0.146,7,Grocery
CUST00455,49,Female,Rural,Medium,51729,37,14,466.51,6531.14,57,3,2,0.84,0.47,0.204,0,Books
CUST00456,47,Female,Rural,Medium,45982,12,14,269.9,3778.6,114,3,3,0.68,0.37,0.143,6,Beauty
CUST00457,25,Female,Suburban,Low,21017,24,4,97.34,389.36,84,2,9,0.36,0.67,0.223,3,Fashion
CUST00458,51,Female,Urban,Low,23354,13,32,326.51,10448.32,166,8,2,0.26,0.65,0.04,8,Beauty
CUST00459,62,Female,Suburban,Low,13611,3,41,104.04,4265.64,172,1,8,0.1,0.0,0.134,1,Home & Garden
CUST00460,23,Female,Suburban,Very High,154111,69,22,41.13,904.86,159,6,10,0.94,0.62,0.101,9,Beauty
CUST00461,56,Female,Suburban,High,90707,53,9,345.8,3112.2,169,7,10,0.14,0.24,0.138,5,Fashion
CUST00462,25,Male,Urban,Very High,156981,93,17,64.24,1092.08,332,9,3,0.26,0.38,0.135,5,Electronics
CUST00463,57,Male,Suburban,Low,15389,13,21,62.05,1303.05,351,6,1,0.69,0.71,0.043,6,Grocery
CUST00464,40,Male,Urban,Medium,56511,14,48,372.57,17883.36,179,6,2,0.71,0.56,0.293,0,Travel
CUST00465,18,Female,Suburban,Medium,49168,23,7,37.05,259.35,352,8,8,0.16,0.37,0.005,3,Sports
CUST00466,69,Female,Urban,Medium,51176,32,18,406.79,7322.22,299,9,2,0.81,0.17,0.003,7,Electronics
CUST00467,26,Female,Suburban,Medium,52560,23,34,400.11,13603.74,300,3,7,0.51,0.51,0.112,10,Travel
CUST00468,49,Male,Suburban,Medium,51267,33,13,79.28,1030.64,83,8,4,0.85,0.32,0.186,10,Books
CUST00469,27,Female,Urban,Medium,56462,34,47,264.01,12408.47,161,5,8,0.09,0.91,0.054,5,Sports
CUST00470,67,Male,Suburban,Low,14676,1,48,57.35,2752.8,129,1,6,0.04,0.53,0.16,2,Beauty
CUST00471,57,Male,Urban,Medium,53678,28,20,319.96,6399.2,36,7,6,0.64,0.87,0.217,5,Fashion
CUST00472,60,Male,Rural,High,97600,38,39,40.84,1592.76,28,10,8,0.15,0.39,0.028,5,Sports
CUST00473,40,Male,Suburban,Low,15522,7,40,472.8,18912.0,228,2,10,0.52,0.83,0.295,4,Travel
CUST00474,42,Female,Urban,Very High,146080,69,36,111.79,4024.44,154,1,4,0.01,0.06,0.101,3,Home & Garden
CUST00475,51,Male,Urban,Medium,49600,34,10,344.62,3446.2,302,10,5,0.78,0.3,0.193,9,Electronics
CUST00476,59,Female,Urban,High,93596,57,3,72.86,218.58,245,6,6,0.9,0.08,0.033,4,Books
CUST00477,62,Male,Urban,High,97344,47,19,112.7,2141.3,32,3,9,0.84,0.03,0.213,0,Beauty
CUST00478,18,Male,Rural,High,94733,48,7,230.97,1616.79,306,8,5,0.96,0.92,0.252,7,Beauty
CUST00479,53,Female,Suburban,High,94705,51,16,290.82,4653.12,182,4,4,0.9,0.72,0.032,7,Beauty
CUST00480,23,Male,Urban,High,89059,49,34,499.44,16980.96,207,4,9,0.44,0.63,0.038,4,Fashion
CUST00481,33,Other,Rural,Medium,52326,30,31,22.7,703.7,353,3,10,0.4,0.53,0.084,6,Electronics
CUST00482,61,Female,Urban,Medium,45379,31,11,10.15,111.65,234,6,6,0.9,0.57,0.004,10,Books
CUST00483,31,Female,Rural,Low,19410,24,1,181.68,181.68,9,2,1,0.93,0.64,0.296,10,Books
CUST00484,60,Male,Urban,Medium,45023,32,12,189.42,2273.04,65,4,3,0.97,0.83,0.18,8,Electronics
CUST00485,42,Male,Suburban,Low,12434,1,24,443.08,10633.92,156,4,5,0.77,0.6,0.182,6,Sports
CUST00486,30,Female,Rural,Low,25704,11,41,457.17,18743.97,14,1,7,0.2,0.75,0.288,0,Sports
CUST00487,35,Male,Urban,Low,24876,11,19,441.46,8387.74,62,8,7,0.94,0.28,0.25,5,Grocery
CUST00488,46,Male,Suburban,Medium,50172,25,15,80.16,1202.4,289,1,9,0.95,0.98,0.244,9,Beauty
CUST00489,58,Male,Rural,Low,12231,7,29,211.93,6145.97,53,10,0,0.67,0.03,0.102,9,Travel
CUST00490,50,Female,Urban,Medium,43442,28,4,375.48,1501.92,61,1,5,0.86,0.39,0.1,8,Books
CUST00491,67,Female,Urban,High,83788,39,12,163.18,1958.16,185,4,7,0.56,0.88,0.088,10,Fashion
CUST00492,63,Female,Suburban,High,93473,39,2,334.99,669.98,34,1,10,0.94,0.18,0.104,5,Home & Garden
CUST00493,57,Female,Urban,Medium,45256,21,28,126.2,3533.6,94,4,1,0.09,0.14,0.111,1,Travel
CUST00494,49,Male,Urban,Medium,46002,34,24,168.48,4043.52,343,7,9,0.86,0.37,0.042,5,Fashion
CUST00495,33,Female,Urban,Medium,55778,21,31,431.61,13379.91,231,1,0,0.06,0.43,0.107,3,Books
CUST00496,39,Male,Suburban,Medium,56023,13,33,132.75,4380.75,352,6,2,0.34,0.93,0.134,9,Home & Garden
CUST00497,24,Female,Urban,High,94209,62,21,482.52,10132.92,130,8,9,0.14,0.84,0.093,8,Sports
CUST00498,37,Male,Urban,Low,16953,1,46,160.07,7363.22,225,5,8,0.48,0.46,0.05,4,Grocery
CUST00499,67,Other,Suburban,Very High,151279,78,48,21.53,1033.44,88,2,10,0.23,0.97,0.112,4,Travel
CUST00500,40,Male,Suburban,Low,15204,16,6,134.9,809.4,139,7,6,0.95,0.64,0.144,1,Sports
CUST00501,24,Male,Suburban,High,95727,40,48,93.89,4506.72,64,2,6,0.56,0.87,0.216,0,Sports
CUST00502,52,Male,Urban,Medium,43357,16,11,258.35,2841.85,305,1,5,0.9,0.25,0.213,3,Home & Garden
CUST00503,69,Male,Rural,Low,23911,4,13,65.23,847.99,68,5,5,0.28,0.49,0.061,2,Electronics
CUST00504,63,Male,Suburban,High,90185,34,28,316.76,8869.28,75,3,5,0.03,0.03,0.011,2,Books
CUST00505,32,Female,Urban,Low,24120,1,2,438.7,877.4,170,1,3,0.78,0.01,0.091,10,Grocery
CUST00506,42,Male,Rural,High,89212,34,19,187.63,3564.97,157,8,9,0.7,0.71,0.047,7,Fashion
CUST00507,46,Female,Urban,Medium,44530,21,11,92.56,1018.16,115,6,3,0.55,0.12,0.119,6,Books
CUST00508,31,Male,Urban,Low,24021,13,26,206.01,5356.26,131,10,6,0.82,0.55,0.294,1,Fashion
CUST00509,32,Female,Urban,Low,22097,1,43,395.12,16990.16,108,5,7,0.84,0.7,0.054,9,Beauty
CUST00510,30,Male,Suburban,High,89434,55,49,299.83,14691.67,334,5,5,0.59,0.03,0.096,7,Home & Garden
CUST00511,70,Female,Urban,Medium,47963,28,12,59.56,714.72,212,9,6,0.97,0.45,0.218,5,Books
CUST00512,57,Female,Urban,High,87501,30,29,273.22,7923.38,336,1,0,0.72,0.68,0.153,5,Electronics
CUST00513,62,Male,Urban,High,89698,55,25,239.36,5984.0,361,4,3,0.68,0.89,0.013,6,Books
CUST00514,61,Female,Urban,High,86186,28,22,170.29,3746.38,238,8,4,0.36,0.3,0.049,9,Fashion
CUST00515,68,Male,Urban,Medium,46518,25,33,63.98,2111.34,302,3,4,0.0,0.97,0.281,7,Books
CUST00516,23,Male,Suburban,High,86450,42,52,490.74,25518.48,41,9,9,0.24,0.84,0.031,5,Grocery
CUST00517,64,Female,Urban,Very High,142202,71,22,96.26,2117.72,347,3,9,0.76,0.65,0.191,7,Electronics
CUST00518,21,Female,Urban,Low,26846,27,4,104.44,417.76,177,5,7,0.71,0.39,0.238,10,Home & Garden
CUST00519,43,Male,Suburban,Medium,45785,35,48,81.34,3904.32,261,9,3,0.33,0.71,0.08,3,Electronics
CUST00520,49,Male,Urban,Low,14641,1,49,289.39,14180.11,90,3,0,0.63,0.82,0.218,9,Grocery
CUST00521,36,Female,Suburban,Medium,44418,24,17,227.4,3865.8,35,10,8,0.2,0.3,0.051,6,Beauty
CUST00522,25,Female,Urban,High,97811,62,27,132.28,3571.56,323,1,9,0.26,0.99,0.085,2,Sports
CUST00523,28,Other,Urban,Medium,49628,31,45,220.42,9918.9,165,3,5,0.95,0.91,0.094,10,Beauty
CUST00524,61,Female,Urban,Medium,47231,35,27,340.03,9180.81,51,6,9,0.41,0.49,0.299,7,Travel
CUST00525,34,Female,Urban,Medium,48462,22,26,148.03,3848.78,241,6,10,0.24,0.72,0.064,4,Home & Garden
CUST00526,34,Male,Urban,Low,13414,1,48,458.47,22006.56,20,10,6,0.49,0.52,0.039,2,Sports
CUST00527,66,Female,Suburban,Medium,47018,23,44,160.11,7044.84,165,10,2,0.39,0.76,0.278,10,Electronics
CUST00528,25,Male,Urban,High,85979,52,27,107.11,2891.97,258,7,0,0.73,0.83,0.049,9,Grocery
CUST00529,66,Female,Suburban,Medium,54852,40,9,477.74,4299.66,263,7,8,0.96,0.02,0.264,0,Beauty
CUST00530,66,Male,Suburban,Medium,42934,27,23,407.17,9364.91,166,4,6,0.59,0.08,0.195,6,Electronics
CUST00531,49,Female,Urban,High,88807,50,36,178.14,6413.04,136,9,1,0.59,0.34,0.173,1,Grocery
CUST00532,26,Female,Suburban,Low,24641,12,15,422.3,6334.5,307,7,0,0.36,0.92,0.225,3,Fashion
CUST00533,26,Female,Urban,Medium,55338,21,28,264.22,7398.16,68,1,10,0.56,0.4,0.218,6,Books
CUST00534,33,Female,Urban,Low,20201,8,35,179.91,6296.85,28,9,3,0.32,0.89,0.033,2,Sports
CUST00535,48,Male,Urban,Very High,145560,72,5,421.41,2107.05,58,4,3,0.0,0.46,0.3,5,Beauty
CUST00536,26,Female,Suburban,High,87392,53,30,378.56,11356.8,293,5,6,0.87,0.29,0.283,4,Beauty
CUST00537,42,Male,Rural,Medium,45556,24,39,155.96,6082.44,172,5,4,0.43,0.9,0.269,6,Fashion
CUST00538,24,Male,Urban,Low,22593,20,12,307.27,3687.24,14,9,10,0.49,0.56,0.187,8,Electronics
CUST00539,46,Male,Suburban,Low,16682,1,29,191.0,5539.0,62,3,7,0.08,0.36,0.157,1,Home & Garden
CUST00540,19,Male,Suburban,Medium,52090,34,37,10.52,389.24,11,4,3,0.84,0.04,0.161,8,Fashion
CUST00541,55,Male,Urban,Medium,52491,26,3,481.29,1443.87,298,1,2,0.17,0.11,0.004,2,Grocery
CUST00542,20,Female,Suburban,Very High,157038,93,34,279.32,9496.88,169,4,9,0.41,0.14,0.15,0,Grocery
CUST00543,28,Female,Suburban,High,87925,42,14,303.23,4245.22,25,1,6,0.84,0.36,0.187,4,Books
CUST00544,27,Female,Rural,Medium,57381,27,21,303.95,6382.95,81,6,10,0.46,0.61,0.198,3,Grocery
CUST00545,62,Male,Rural,High,88411,32,34,279.81,9513.54,226,9,3,0.93,0.31,0.1,2,Fashion
CUST00546,20,Male,Urban,Very High,152891,86,1,152.12,152.12,217,5,0,0.21,0.07,0.141,4,Travel
CUST00547,40,Male,Urban,Medium,52586,32,1,486.07,486.07,300,10,9,0.72,0.26,0.191,9,Electronics
CUST00548,49,Female,Suburban,Medium,55085,38,24,314.62,7550.88,10,10,2,0.98,0.41,0.128,6,Fashion
CUST00549,45,Female,Urban,Very High,149506,61,50,338.75,16937.5,26,1,9,0.55,0.99,0.289,8,Grocery
CUST00550,54,Male,Urban,Low,24679,3,1,232.85,232.85,13,6,7,0.69,0.39,0.212,1,Electronics
CUST00551,60,Female,Rural,High,87685,55,42,151.05,6344.1,144,6,2,0.39,0.09,0.0,0,Travel
CUST00552,38,Male,Urban,Low,19861,1,4,41.53,166.12,266,4,8,0.75,0.58,0.007,3,Grocery
CUST00553,61,Male,Urban,Medium,49995,24,26,181.61,4721.86,242,9,0,0.91,0.92,0.207,8,Books
CUST00554,34,Male,Suburban,High,93272,43,23,96.29,2214.67,77,4,4,0.7,0.79,0.124,9,Fashion
CUST00555,70,Male,Urban,Medium,51894,39,25,334.42,8360.5,240,1,3,0.94,0.84,0.252,1,Sports
CUST00556,44,Female,Urban,Medium,43252,32,5,440.71,2203.55,240,6,7,0.59,0.93,0.052,5,Fashion
CUST00557,57,Female,Rural,Medium,54945,39,40,158.35,6334.0,70,3,5,0.58,0.64,0.004,4,Fashion
CUST00558,64,Male,Urban,Low,24129,5,15,173.11,2596.65,274,4,6,0.3,0.99,0.116,8,Home & Garden
CUST00559,60,Female,Urban,Low,13672,9,41,338.48,13877.68,155,6,5,0.71,0.03,0.221,2,Books
CUST00560,63,Female,Urban,Medium,57390,34,35,83.14,2909.9,22,8,8,0.88,0.83,0.292,5,Grocery
CUST00561,46,Female,Rural,Medium,52572,40,29,465.42,13497.18,143,3,1,0.65,0.86,0.265,9,Books
CUST00562,20,Female,Urban,Medium,43359,6,17,188.28,3200.76,281,4,7,0.23,0.92,0.145,5,Electronics
CUST00563,44,Male,Suburban,Low,19862,24,34,59.59,2026.06,255,1,0,0.54,0.48,0.244,8,Grocery
CUST00564,27,Female,Urban,High,95378,43,52,95.6,4971.2,98,4,0,0.76,0.79,0.021,6,Sports
CUST00565,65,Male,Urban,Medium,46477,11,49,467.05,22885.45,277,6,7,0.94,0.2,0.172,6,Home & Garden
CUST00566,30,Other,Rural,Medium,56928,32,48,131.09,6292.32,143,7,1,0.16,0.6,0.277,2,Sports
CUST00567,30,Male,Suburban,Medium,48694,33,12,334.51,4014.12,168,3,8,0.13,0.36,0.119,10,Beauty
CUST00568,31,Female,Rural,Low,15619,1,31,86.52,2682.12,32,1,1,0.41,0.6,0.288,2,Electronics
CUST00569,52,Male,Urban,High,87703,29,21,105.11,2207.31,364,6,1,0.13,0.68,0.066,10,Beauty
CUST00570,48,Male,Suburban,Medium,50397,37,51,440.83,22482.33,307,7,10,0.98,0.35,0.032,10,Books
CUST00571,68,Female,Rural,Low,23010,24,50,82.54,4127.0,72,1,1,0.42,0.22,0.157,5,Books
CUST00572,40,Female,Urban,Very High,156846,67,46,19.19,882.74,205,6,10,0.53,0.32,0.272,9,Grocery
CUST00573,32,Male,Urban,High,85118,55,9,255.6,2300.4,285,1,3,0.23,0.66,0.093,7,Grocery
CUST00574,20,Female,Rural,High,97364,61,17,432.74,7356.58,185,5,8,0.45,0.68,0.24,8,Travel
CUST00575,18,Female,Urban,High,90443,60,37,169.74,6280.38,77,7,10,0.98,0.74,0.051,0,Books
CUST00576,37,Male,Suburban,Very High,144046,63,39,72.8,2839.2,354,8,1,0.49,0.13,0.224,1,Travel
CUST00577,67,Female,Rural,Medium,56824,30,19,491.29,9334.51,99,8,3,0.01,0.82,0.167,0,Travel
CUST00578,45,Female,Urban,Medium,47584,38,8,341.6,2732.8,123,8,6,0.24,0.69,0.053,0,Home & Garden
CUST00579,65,Female,Urban,Medium,51929,37,8,426.84,3414.72,136,3,9,0.98,0.03,0.215,9,Fashion
CUST00580,23,Male,Urban,Medium,53171,29,36,378.55,13627.8,326,9,2,0.99,0.34,0.214,1,Fashion
CUST00581,22,Male,Urban,Low,12214,1,24,352.14,8451.36,183,4,2,0.21,0.47,0.155,0,Grocery
CUST00582,62,Female,Urban,Low,15545,1,26,198.44,5159.44,263,4,4,0.62,0.36,0.068,10,Books
CUST00583,23,Female,Suburban,High,92983,39,43,168.93,7263.99,329,8,2,0.08,0.12,0.04,3,Grocery
CUST00584,20,Female,Urban,High,87196,30,1,361.31,361.31,339,4,2,0.58,0.21,0.287,8,Grocery
CUST00585,39,Other,Suburban,High,82149,32,40,361.19,14447.6,313,1,1,0.13,0.02,0.197,10,Books
CUST00586,67,Female,Urban,Medium,42372,8,15,475.79,7136.85,332,8,9,0.82,0.09,0.243,5,Fashion
CUST00587,54,Female,Urban,Low,25223,20,49,288.64,14143.36,347,7,8,0.94,0.27,0.209,10,Beauty
CUST00588,23,Female,Urban,Medium,44456,25,50,154.36,7718.0,362,6,1,0.17,0.82,0.249,10,Sports
CUST00589,62,Female,Suburban,Medium,43606,22,27,249.87,6746.49,235,2,5,0.46,0.53,0.049,1,Travel
CUST00590,62,Male,Urban,Very High,150997,85,17,310.72,5282.24,49,7,7,0.1,0.42,0.149,1,Home & Garden
CUST00591,60,Male,Urban,High,83903,38,13,219.1,2848.3,42,2,6,0.34,0.66,0.2,4,Sports
CUST00592,65,Female,Rural,Very High,152450,73,10,397.66,3976.6,291,6,10,0.07,0.54,0.031,6,Books
CUST00593,30,Male,Suburban,High,90706,36,52,296.46,15415.92,116,6,7,0.26,0.13,0.045,8,Travel
CUST00594,69,Male,Urban,Very High,152383,74,10,14.62,146.2,294,8,7,0.99,0.22,0.19,2,Beauty
CUST00595,34,Female,Rural,Medium,49866,14,24,289.22,6941.28,342,10,0,0.04,0.22,0.261,2,Beauty
CUST00596,60,Male,Urban,Low,24454,15,25,320.47,8011.75,236,2,0,0.86,0.6,0.198,3,Travel
CUST00597,48,Male,Urban,Low,22316,26,36,458.48,16505.28,279,2,6,0.08,0.46,0.011,2,Travel
CUST00598,59,Female,Urban,Medium,48644,25,44,212.72,9359.68,102,6,9,0.53,0.39,0.291,10,Beauty
CUST00599,51,Female,Urban,Medium,42246,15,30,291.49,8744.7,159,10,4,0.45,0.56,0.042,4,Grocery
CUST00600,52,Male,Urban,Low,16376,14,40,242.75,9710.0,353,2,7,0.93,0.97,0.07,9,Beauty
CUST00601,50,Male,Suburban,Very High,144103,82,30,270.51,8115.3,299,5,2,0.2,0.31,0.292,0,Fashion
CUST00602,59,Male,Urban,Low,12249,5,23,42.98,988.54,75,5,5,0.18,0.52,0.231,1,Sports
CUST00603,57,Female,Suburban,Very High,146371,65,9,449.67,4047.03,342,4,8,0.75,0.48,0.281,8,Home & Garden
CUST00604,25,Female,Rural,High,85306,49,11,456.1,5017.1,183,7,7,0.73,0.72,0.242,2,Travel
CUST00605,61,Male,Suburban,Medium,43227,11,23,278.55,6406.65,309,3,1,0.7,0.73,0.196,0,Sports
CUST00606,46,Female,Suburban,High,86998,58,3,282.71,848.13,191,5,9,0.03,0.73,0.085,6,Travel
CUST00607,35,Male,Suburban,Medium,50105,19,17,38.2,649.4,221,9,10,0.26,0.2,0.098,1,Books
CUST00608,45,Male,Rural,Medium,44851,17,25,303.0,7575.0,60,4,5,0.84,0.45,0.284,0,Books
CUST00609,69,Other,Urban,Low,16370,15,25,220.28,5507.0,124,1,3,0.6,0.81,0.258,4,Fashion
CUST00610,63,Male,Urban,Very High,142322,56,43,357.43,15369.49,264,9,5,0.6,0.38,0.108,6,Books
CUST00611,62,Male,Suburban,Medium,42806,12,51,33.09,1687.59,308,3,8,0.3,0.98,0.112,5,Grocery
CUST00612,42,Male,Suburban,Medium,44519,10,38,358.33,13616.54,33,8,4,0.26,0.36,0.089,6,Sports
CUST00613,59,Female,Urban,High,89247,41,5,150.58,752.9,29,8,0,0.95,0.5,0.098,0,Home & Garden
CUST00614,38,Female,Suburban,High,92658,48,22,329.34,7245.48,253,6,0,0.73,0.47,0.258,3,Grocery
CUST00615,54,Other,Urban,Medium,54614,17,38,317.29,12057.02,164,1,8,0.13,0.43,0.003,3,Travel
CUST00616,51,Male,Rural,Medium,52073,21,31,121.15,3755.65,310,10,8,0.94,0.85,0.131,3,Travel
CUST00617,31,Male,Urban,Low,21870,18,24,225.82,5419.68,25,7,8,0.58,0.16,0.283,6,Sports
CUST00618,32,Female,Urban,High,96971,62,23,419.46,9647.58,128,5,1,0.33,0.57,0.163,2,Electronics
CUST00619,21,Male,Urban,Medium,46090,8,22,306.74,6748.28,13,9,1,0.4,0.62,0.135,6,Fashion
CUST00620,25,Female,Urban,Medium,54771,31,31,43.68,1354.08,259,8,4,0.73,0.85,0.094,10,Fashion
CUST00621,40,Female,Urban,Low,26990,1,10,227.03,2270.3,314,8,2,0.38,0.61,0.022,7,Travel
CUST00622,43,Male,Urban,Medium,51084,26,27,162.77,4394.79,58,2,4,0.58,0.96,0.067,4,Home & Garden
CUST00623,26,Female,Urban,Medium,55449,39,11,324.41,3568.51,119,7,6,0.71,0.87,0.027,4,Electronics
CUST00624,40,Male,Urban,Medium,44201,31,36,311.14,11201.04,309,3,3,0.2,0.35,0.038,6,Sports
CUST00625,50,Male,Urban,Low,26061,5,45,15.1,679.5,16,1,1,0.94,0.86,0.049,7,Travel
CUST00626,30,Female,Urban,Low,21025,3,27,307.77,8309.79,348,4,4,0.36,0.96,0.091,3,Sports
CUST00627,35,Female,Urban,Medium,45544,31,21,370.08,7771.68,324,2,7,0.42,0.26,0.003,0,Home & Garden
CUST00628,37,Female,Urban,Low,12985,16,49,386.68,18947.32,56,2,6,0.7,0.61,0.285,7,Fashion
CUST00629,44,Female,Urban,High,93519,39,35,38.9,1361.5,51,8,3,0.61,0.28,0.037,7,Travel
CUST00630,37,Other,Urban,Very High,148894,59,23,158.79,3652.17,253,6,3,0.44,0.65,0.115,1,Electronics
CUST00631,57,Other,Urban,Medium,46960,21,2,216.42,432.84,4,4,6,0.65,0.09,0.264,6,Travel
CUST00632,35,Female,Suburban,Very High,148244,78,1,98.09,98.09,185,2,1,0.9,0.73,0.032,0,Fashion
CUST00633,40,Male,Rural,Low,27857,11,12,216.16,2593.92,25,8,9,0.8,0.42,0.145,7,Fashion
CUST00634,38,Female,Rural,Low,18845,22,13,44.85,583.05,194,7,9,0.82,0.59,0.253,8,Grocery
CUST00635,27,Other,Suburban,High,83260,51,38,65.48,2488.24,128,6,0,0.26,0.03,0.167,0,Electronics
CUST00636,54,Male,Suburban,High,86477,52,27,337.66,9116.82,258,2,10,0.42,0.7,0.063,7,Electronics
CUST00637,30,Male,Urban,High,84325,27,52,138.66,7210.32,322,2,0,0.55,0.5,0.221,1,Fashion
CUST00638,33,Male,Suburban,Low,22973,22,29,358.59,10399.11,179,2,5,0.04,0.63,0.204,2,Beauty
CUST00639,60,Male,Suburban,High,94807,55,47,33.57,1577.79,235,1,7,0.77,0.32,0.109,7,Books
CUST00640,68,Female,Suburban,Medium,55455,24,29,285.72,8285.88,220,10,3,0.32,0.15,0.014,3,Fashion
CUST00641,53,Male,Rural,Medium,52126,29,19,201.81,3834.39,360,4,2,0.28,0.44,0.002,10,Beauty
CUST00642,66,Female,Urban,Low,24297,22,38,400.52,15219.76,85,7,0,0.26,0.94,0.248,10,Grocery
CUST00643,63,Female,Suburban,Very High,148677,87,24,394.14,9459.36,88,10,8,0.28,0.23,0.096,10,Home & Garden
CUST00644,43,Female,Suburban,Low,22044,13,15,194.02,2910.3,139,10,0,0.34,0.68,0.041,1,Grocery
CUST00645,58,Male,Urban,High,83711,27,25,315.13,7878.25,269,4,5,0.6,0.05,0.156,1,Travel
CUST00646,35,Male,Rural,Medium,50614,29,35,121.5,4252.5,316,5,4,0.58,0.72,0.276,2,Sports
CUST00647,42,Female,Urban,High,90920,51,20,294.4,5888.0,102,5,10,0.26,0.24,0.003,6,Sports
CUST00648,46,Female,Rural,High,82497,27,37,49.82,1843.34,41,1,10,0.21,0.45,0.017,4,Books
CUST00649,68,Female,Suburban,High,90773,55,51,222.96,11370.96,223,8,8,0.83,0.37,0.125,8,Beauty
CUST00650,62,Female,Urban,Low,23567,2,22,99.54,2189.88,219,6,8,0.09,0.11,0.203,3,Fashion
CUST00651,43,Male,Suburban,Low,17881,20,16,442.86,7085.76,137,4,5,0.51,0.35,0.143,2,Fashion
CUST00652,52,Female,Urban,Medium,50720,27,21,228.0,4788.0,68,6,3,0.52,0.35,0.269,7,Grocery
CUST00653,28,Male,Suburban,Medium,46577,17,44,299.48,13177.12,311,8,1,0.57,0.52,0.013,6,Electronics
CUST00654,60,Male,Suburban,Low,16332,1,10,186.59,1865.9,309,1,10,0.89,0.97,0.102,7,Beauty
CUST00655,47,Female,Suburban,Low,14072,1,51,151.48,7725.48,273,7,4,0.62,0.47,0.105,3,Home & Garden
CUST00656,46,Male,Rural,Medium,47245,30,22,109.43,2407.46,212,9,4,0.97,0.91,0.102,5,Electronics
CUST00657,58,Male,Urban,Low,24851,8,44,456.82,20100.08,96,8,1,0.87,0.46,0.146,10,Home & Garden
CUST00658,51,Male,Urban,Low,26970,24,41,401.74,16471.34,148,7,3,0.21,0.11,0.237,6,Books
CUST00659,21,Male,Urban,Very High,152170,68,41,75.3,3087.3,25,1,6,0.24,0.23,0.095,10,Travel
CUST00660,33,Female,Urban,Medium,51990,38,48,375.9,18043.2,92,8,4,0.34,0.41,0.223,4,Travel
CUST00661,27,Male,Urban,Very High,151821,89,10,215.08,2150.8,165,8,6,0.39,0.33,0.044,0,Travel
CUST00662,56,Female,Urban,Very High,149615,62,31,17.54,543.74,160,5,2,0.55,0.87,0.168,8,Sports
CUST00663,19,Female,Urban,Low,18768,14,6,268.9,1613.4,30,6,0,0.23,0.68,0.113,5,Travel
CUST00664,28,Male,Urban,High,91935,59,16,73.72,1179.52,350,7,9,0.22,0.58,0.162,0,Travel
CUST00665,49,Male,Rural,Medium,54551,22,3,112.87,338.61,98,2,4,0.38,0.49,0.032,1,Beauty
CUST00666,54,Female,Urban,High,88620,31,36,351.06,12638.16,186,3,3,0.67,0.4,0.286,3,Home & Garden
CUST00667,44,Female,Rural,Low,21054,22,32,136.0,4352.0,170,8,3,0.69,0.61,0.272,2,Travel
CUST00668,63,Female,Urban,Low,19523,8,39,447.03,17434.17,172,10,7,0.98,0.12,0.248,7,Home & Garden
CUST00669,66,Female,Urban,Low,16568,1,10,332.01,3320.1,309,3,6,0.2,0.16,0.268,6,Fashion
CUST00670,25,Male,Suburban,Medium,46645,34,18,417.82,7520.76,273,5,4,0.39,0.3,0.044,3,Electronics
CUST00671,68,Male,Urban,Very High,143260,77,36,311.44,11211.84,317,10,10,0.96,0.17,0.151,0,Sports
CUST00672,50,Female,Urban,High,89038,31,43,435.74,18736.82,139,2,9,0.69,0.68,0.095,0,Electronics
CUST00673,51,Male,Suburban,High,93400,39,47,187.23,8799.81,97,3,2,0.59,0.02,0.266,10,Electronics
CUST00674,23,Female,Urban,Very High,152970,61,4,279.08,1116.32,157,1,7,0.54,0.16,0.057,3,Fashion
CUST00675,50,Female,Urban,High,97771,62,21,262.79,5518.59,205,3,10,0.08,0.9,0.066,1,Sports
CUST00676,56,Female,Suburban,Low,12639,1,1,452.86,452.86,123,7,5,0.89,1.0,0.206,7,Home & Garden
CUST00677,48,Male,Urban,High,94171,56,43,90.81,3904.83,168,4,0,0.63,0.49,0.027,9,Sports
CUST00678,22,Male,Suburban,Medium,54721,27,7,293.25,2052.75,56,10,1,0.57,0.5,0.22,1,Sports
CUST00679,45,Male,Urban,Low,18983,12,43,379.67,16325.81,214,9,7,0.54,0.77,0.08,10,Travel
CUST00680,67,Male,Rural,Medium,46527,33,9,191.32,1721.88,261,9,9,0.39,0.04,0.198,7,Fashion
CUST00681,56,Female,Suburban,Very High,147713,85,1,435.11,435.11,193,8,1,0.25,0.43,0.262,2,Home & Garden
CUST00682,25,Male,Rural,Medium,52921,14,46,192.78,8867.88,319,8,6,0.76,0.1,0.183,8,Sports
CUST00683,68,Male,Suburban,Medium,55795,12,23,94.92,2183.16,364,6,5,0.51,0.4,0.064,4,Grocery
CUST00684,68,Male,Urban,Low,22284,1,23,296.18,6812.14,331,10,3,0.03,0.98,0.015,6,Fashion
CUST00685,26,Male,Suburban,Low,20227,16,34,216.08,7346.72,34,1,6,0.4,0.75,0.013,1,Electronics
CUST00686,60,Female,Urban,Low,22442,13,15,17.44,261.6,322,8,9,0.93,0.99,0.027,2,Grocery
CUST00687,39,Male,Suburban,High,83129,28,36,44.22,1591.92,122,2,2,0.37,0.75,0.174,8,Grocery
CUST00688,49,Other,Suburban,High,91730,37,23,105.69,2430.87,165,4,0,0.41,0.61,0.104,8,Fashion
CUST00689,41,Male,Urban,Low,12674,7,15,386.97,5804.55,151,3,3,0.62,0.75,0.073,0,Grocery
CUST00690,59,Female,Rural,Medium,57346,35,21,447.1,9389.1,104,7,3,0.8,0.66,0.066,2,Beauty
CUST00691,70,Male,Urban,Low,26228,8,1,277.36,277.36,321,8,7,0.67,0.46,0.285,6,Books
CUST00692,60,Male,Suburban,Low,20134,24,16,61.73,987.68,233,1,5,0.85,0.29,0.036,9,Sports
CUST00693,67,Female,Suburban,Medium,47985,38,31,271.87,8427.97,353,7,0,0.11,0.52,0.091,7,Electronics
CUST00694,68,Other,Urban,High,93717,54,8,429.25,3434.0,349,3,3,0.92,0.26,0.141,7,Beauty
CUST00695,22,Female,Suburban,Medium,52201,25,7,377.24,2640.68,154,1,8,0.9,0.49,0.0,4,Fashion
CUST00696,31,Male,Suburban,Medium,53287,38,35,152.64,5342.4,266,5,5,0.52,0.15,0.276,0,Electronics
CUST00697,56,Male,Urban,Medium,50249,32,23,70.71,1626.33,184,6,6,0.62,0.57,0.03,8,Sports
CUST00698,49,Female,Suburban,Low,15780,8,8,451.33,3610.64,181,3,2,0.21,0.25,0.205,8,Home & Garden
CUST00699,20,Male,Urban,Low,13172,4,39,428.5,16711.5,270,4,3,0.45,0.29,0.189,4,Grocery
CUST00700,23,Female,Suburban,Very High,146533,83,41,36.32,1489.12,252,10,1,0.2,0.5,0.243,5,Travel
CUST00701,45,Female,Urban,High,90464,47,2,413.6,827.2,333,4,0,0.02,0.16,0.195,2,Electronics
CUST00702,50,Female,Rural,Very High,148784,64,11,57.63,633.93,282,10,0,0.98,0.96,0.231,4,Electronics
CUST00703,26,Female,Rural,Very High,150102,90,20,41.01,820.2,228,9,6,0.26,0.45,0.126,2,Sports
CUST00704,27,Female,Urban,Medium,46443,10,39,381.71,14886.69,336,4,1,0.59,0.35,0.147,4,Home & Garden
CUST00705,24,Male,Urban,Very High,157006,84,4,272.79,1091.16,38,6,6,0.3,0.03,0.21,1,Books
CUST00706,47,Male,Suburban,Medium,47868,28,42,213.13,8951.46,279,8,10,0.37,0.84,0.171,6,Electronics
CUST00707,18,Female,Suburban,Low,25539,15,17,452.89,7699.13,144,5,7,0.4,0.63,0.153,2,Home & Garden
CUST00708,48,Female,Urban,Low,18255,1,7,421.26,2948.82,159,5,6,0.34,0.42,0.062,7,Fashion
CUST00709,43,Male,Urban,Low,19097,9,45,38.24,1720.8,286,4,1,0.64,0.25,0.077,5,Electronics
CUST00710,42,Male,Urban,Low,21662,22,5,311.88,1559.4,100,2,5,0.96,0.75,0.108,9,Home & Garden
CUST00711,54,Female,Rural,Medium,46210,15,7,388.41,2718.87,323,1,9,0.43,0.95,0.003,2,Beauty
CUST00712,45,Female,Urban,High,85518,48,50,279.74,13987.0,183,4,4,0.97,0.38,0.125,3,Fashion
CUST00713,56,Female,Rural,High,88067,55,28,491.67,13766.76,128,8,9,0.67,0.13,0.001,2,Books
CUST00714,58,Male,Urban,Medium,54869,41,25,346.16,8654.0,120,3,7,0.61,0.11,0.17,6,Sports
CUST00715,66,Male,Rural,Low,14313,8,36,61.03,2197.08,154,2,2,0.24,0.01,0.211,1,Home & Garden
CUST00716,60,Female,Urban,High,89001,38,33,107.17,3536.61,345,4,1,0.06,0.74,0.169,7,Travel
CUST00717,45,Male,Urban,Medium,52754,32,32,414.86,13275.52,38,6,0,0.85,0.98,0.208,9,Grocery
CUST00718,44,Female,Rural,Low,23300,11,2,498.41,996.82,186,3,3,0.57,0.99,0.0,7,Fashion
CUST00719,30,Female,Rural,Medium,48950,28,29,58.19,1687.51,305,3,3,0.41,0.78,0.018,1,Books
CUST00720,49,Male,Urban,Medium,43303,28,15,59.16,887.4,173,2,7,0.81,0.16,0.21,5,Electronics
CUST00721,25,Male,Urban,Medium,42254,28,42,384.06,16130.52,207,4,6,0.31,0.98,0.241,5,Books
CUST00722,67,Male,Urban,High,89519,36,27,41.53,1121.31,128,3,5,0.78,0.33,0.215,4,Books
CUST00723,62,Female,Urban,High,94961,55,7,43.59,305.13,50,9,7,0.33,0.33,0.199,5,Travel
CUST00724,24,Female,Urban,High,82451,42,47,445.52,20939.44,234,10,8,0.92,0.69,0.212,8,Home & Garden
CUST00725,59,Male,Rural,Low,26200,26,15,402.22,6033.3,336,4,7,0.27,0.05,0.222,9,Sports
CUST00726,24,Female,Urban,High,92815,51,15,441.97,6629.55,190,1,9,0.14,0.83,0.217,3,Travel
CUST00727,56,Male,Suburban,High,82128,53,49,328.75,16108.75,158,1,3,0.7,1.0,0.221,3,Fashion
CUST00728,22,Male,Urban,Low,17499,23,41,168.04,6889.64,48,4,9,0.16,0.78,0.022,2,Grocery
CUST00729,43,Female,Urban,Medium,45528,37,45,454.09,20434.05,345,5,4,0.95,0.78,0.019,4,Home & Garden
CUST00730,52,Male,Suburban,Medium,57188,36,35,156.37,5472.95,318,6,2,0.66,0.39,0.108,6,Beauty
CUST00731,56,Male,Urban,Medium,50877,28,48,145.0,6960.0,330,4,1,0.23,0.07,0.158,7,Beauty
CUST00732,40,Female,Suburban,Low,17186,1,6,444.34,2666.04,132,4,1,0.21,0.79,0.229,2,Travel
CUST00733,66,Male,Urban,Medium,46449,19,32,343.6,10995.2,229,3,10,0.92,0.6,0.1,2,Home & Garden
CUST00734,59,Female,Rural,Low,21021,9,16,448.88,7182.08,158,6,1,0.61,0.91,0.083,0,Fashion
CUST00735,29,Male,Suburban,Low,12081,15,21,86.39,1814.19,86,7,9,0.89,0.12,0.234,1,Fashion
CUST00736,53,Male,Rural,Low,16118,11,13,476.63,6196.19,76,1,8,0.11,0.31,0.075,0,Books
CUST00737,56,Male,Urban,Very High,144646,70,11,310.24,3412.64,141,5,4,0.93,0.36,0.246,2,Home & Garden
CUST00738,35,Male,Urban,Medium,51922,14,24,337.34,8096.16,202,7,10,0.52,0.68,0.053,7,Beauty
CUST00739,57,Male,Urban,Medium,52708,33,48,457.89,21978.72,45,7,9,0.67,0.79,0.108,8,Sports
CUST00740,65,Male,Suburban,Medium,49473,22,34,196.57,6683.38,257,6,10,0.37,0.96,0.12,10,Books
CUST00741,61,Female,Urban,High,84240,28,19,362.59,6889.21,168,6,5,0.06,0.3,0.09,5,Fashion
CUST00742,58,Male,Urban,Medium,47930,16,23,323.77,7446.71,322,7,3,0.96,0.49,0.001,5,Fashion
CUST00743,51,Male,Urban,Very High,155487,89,28,396.0,11088.0,102,4,0,0.99,0.03,0.071,9,Beauty
CUST00744,32,Male,Urban,Medium,45259,10,13,449.5,5843.5,19,6,9,0.36,0.25,0.101,1,Home & Garden
CUST00745,60,Male,Urban,Low,14614,4,28,343.23,9610.44,114,4,9,0.94,0.37,0.094,6,Books
CUST00746,37,Male,Urban,Medium,43784,21,37,43.14,1596.18,356,5,5,0.17,0.59,0.236,8,Fashion
CUST00747,46,Female,Urban,Medium,55068,14,13,99.74,1296.62,118,2,0,0.15,0.47,0.014,5,Grocery
CUST00748,34,Male,Suburban,High,83918,31,31,477.45,14800.95,257,4,9,0.07,0.36,0.117,2,Travel
CUST00749,34,Female,Urban,High,91306,59,37,484.64,17931.68,308,2,3,0.39,0.62,0.011,6,Books
CUST00750,26,Female,Urban,Medium,57985,31,28,484.03,13552.84,104,3,6,0.05,0.83,0.279,10,Electronics
CUST00751,68,Male,Suburban,Very High,152269,67,16,28.03,448.48,235,5,7,0.39,0.24,0.237,2,Books
CUST00752,25,Male,Suburban,Medium,48597,14,29,197.4,5724.6,75,6,1,0.14,0.34,0.295,6,Electronics
CUST00753,22,Male,Urban,Medium,45309,20,42,382.24,16054.08,133,10,0,0.73,0.7,0.273,0,Electronics
CUST00754,67,Female,Suburban,Medium,42030,28,12,378.91,4546.92,109,1,0,0.83,0.78,0.095,2,Travel
CUST00755,47,Male,Rural,Low,14489,14,30,52.1,1563.0,246,9,10,0.69,0.83,0.207,8,Fashion
CUST00756,41,Female,Suburban,High,97247,39,36,308.65,11111.4,320,4,10,0.2,0.21,0.092,5,Grocery
CUST00757,57,Female,Rural,Low,14297,14,17,80.01,1360.17,93,8,4,0.77,0.54,0.266,2,Fashion
CUST00758,38,Female,Suburban,Medium,42319,33,21,251.67,5285.07,107,7,4,0.25,0.9,0.123,3,Sports
CUST00759,24,Female,Urban,Medium,55057,19,47,127.45,5990.15,300,10,4,0.76,0.39,0.113,1,Electronics
CUST00760,56,Other,Urban,Low,18697,1,19,36.05,684.95,169,2,3,0.57,0.43,0.274,8,Grocery
CUST00761,27,Male,Suburban,Low,17712,22,32,49.21,1574.72,188,10,5,0.37,0.98,0.251,10,Grocery
CUST00762,47,Male,Rural,High,93480,47,8,456.34,3650.72,258,1,3,0.08,0.11,0.29,1,Beauty
CUST00763,68,Male,Urban,Low,20368,19,49,374.88,18369.12,51,9,6,0.83,0.71,0.02,2,Home & Garden
CUST00764,67,Female,Urban,Medium,56634,22,32,466.59,14930.88,319,7,4,0.94,0.85,0.073,9,Fashion
CUST00765,37,Female,Suburban,Medium,49482,18,40,240.3,9612.0,134,5,6,0.67,0.15,0.09,9,Home & Garden
CUST00766,59,Female,Urban,Low,23406,2,32,212.51,6800.32,241,4,10,0.96,0.71,0.127,8,Home & Garden
CUST00767,50,Male,Suburban,Low,26062,4,19,185.62,3526.78,158,1,2,0.93,0.47,0.142,7,Grocery
CUST00768,43,Other,Suburban,High,89418,43,18,311.99,5615.82,275,9,0,0.19,0.85,0.087,9,Sports
CUST00769,25,Female,Suburban,Very High,146548,61,37,182.26,6743.62,224,8,5,0.73,0.91,0.237,4,Grocery
CUST00770,37,Female,Rural,Low,27592,24,45,375.67,16905.15,64,10,1,0.35,0.87,0.067,9,Grocery
CUST00771,52,Other,Suburban,Very High,145628,72,7,402.65,2818.55,69,8,2,0.49,0.06,0.209,9,Books
CUST00772,70,Male,Suburban,Medium,42629,34,44,439.16,19323.04,321,10,8,0.16,0.76,0.256,2,Grocery
CUST00773,18,Male,Suburban,Medium,51251,25,44,128.97,5674.68,190,9,4,0.97,0.92,0.181,0,Grocery
CUST00774,56,Female,Suburban,High,97791,42,6,268.24,1609.44,101,5,6,0.73,0.62,0.106,5,Fashion
CUST00775,62,Male,Rural,High,83383,41,6,119.49,716.94,53,8,8,0.27,0.6,0.056,8,Beauty
CUST00776,68,Male,Urban,High,95591,36,37,28.4,1050.8,47,3,1,0.37,0.05,0.04,9,Beauty
CUST00777,40,Male,Suburban,Medium,55287,37,44,356.83,15700.52,336,8,5,0.42,0.86,0.223,1,Beauty
CUST00778,24,Male,Urban,Medium,56863,35,21,279.0,5859.0,357,7,0,0.75,0.05,0.141,4,Fashion
CUST00779,32,Female,Rural,Medium,48745,13,34,364.72,12400.48,144,5,5,0.93,0.31,0.014,8,Home & Garden
CUST00780,63,Female,Suburban,Low,16076,11,52,52.94,2752.88,74,7,2,0.32,0.93,0.295,0,Grocery
CUST00781,64,Male,Urban,High,90194,46,17,497.81,8462.77,153,3,10,0.47,0.95,0.201,7,Books
CUST00782,51,Male,Urban,Low,14279,1,12,497.23,5966.76,50,7,2,0.59,0.99,0.253,3,Grocery
CUST00783,24,Male,Urban,Medium,55486,15,52,237.85,12368.2,201,5,2,0.39,0.48,0.131,0,Home & Garden
CUST00784,24,Female,Suburban,Low,22613,19,15,434.37,6515.55,229,4,0,0.5,0.18,0.287,2,Home & Garden
CUST00785,43,Female,Urban,Low,19733,2,25,129.35,3233.75,360,10,1,0.11,0.49,0.06,8,Books
CUST00786,49,Female,Urban,Medium,50254,26,23,371.41,8542.43,117,1,2,0.17,0.1,0.056,9,Beauty
CUST00787,19,Male,Rural,Medium,53394,18,28,440.82,12342.96,73,8,2,0.4,0.87,0.267,0,Books
CUST00788,54,Male,Suburban,Medium,50371,30,14,409.19,5728.66,49,3,8,0.91,0.56,0.268,5,Home & Garden
CUST00789,46,Male,Urban,Low,25437,1,36,407.77,14679.72,138,3,9,0.35,0.4,0.15,2,Books
CUST00790,18,Female,Urban,Medium,56794,24,36,236.88,8527.68,220,2,9,0.25,0.08,0.038,7,Books
CUST00791,23,Male,Rural,Medium,57197,29,11,411.8,4529.8,25,2,10,0.74,0.41,0.092,8,Sports
CUST00792,42,Female,Suburban,High,91921,43,26,348.45,9059.7,278,2,9,0.95,0.87,0.226,10,Beauty
CUST00793,56,Female,Suburban,Medium,53881,29,3,74.9,224.7,168,9,5,0.46,0.7,0.254,3,Travel
CUST00794,61,Male,Urban,Medium,46977,13,12,65.95,791.4,290,10,4,0.01,0.08,0.104,3,Books
CUST00795,40,Male,Urban,Medium,42609,19,52,388.24,20188.48,170,6,7,0.69,0.16,0.018,3,Grocery
CUST00796,33,Male,Urban,Very High,148401,82,27,316.48,8544.96,57,1,3,0.42,0.39,0.2,8,Beauty
CUST00797,69,Male,Suburban,High,95948,42,33,264.49,8728.17,8,9,6,0.67,0.1,0.222,4,Home & Garden
CUST00798,42,Male,Urban,Medium,44136,11,47,454.56,21364.32,204,7,10,0.28,0.93,0.127,0,Fashion
CUST00799,34,Female,Urban,Medium,50731,36,38,333.2,12661.6,197,6,2,0.0,0.65,0.175,10,Grocery
CUST00800,41,Male,Suburban,Low,15077,16,42,204.11,8572.62,297,10,8,0.34,0.09,0.296,1,Travel
CUST00801,18,Male,Rural,Very High,148868,80,38,212.83,8087.54,321,5,10,0.7,0.79,0.073,10,Travel
CUST00802,34,Female,Suburban,Medium,44293,31,26,306.57,7970.82,59,4,5,0.39,0.37,0.172,1,Books
CUST00803,45,Female,Urban,Medium,53756,35,33,382.53,12623.49,115,8,3,0.22,0.24,0.183,5,Travel
CUST00804,66,Male,Urban,Very High,154965,85,16,286.53,4584.48,76,6,2,0.46,0.57,0.165,3,Sports
CUST00805,57,Female,Urban,High,94134,47,47,259.29,12186.63,39,8,1,0.75,0.01,0.261,7,Books
CUST00806,59,Female,Urban,Low,23278,1,10,366.18,3661.8,1,7,3,0.12,0.47,0.182,4,Fashion
CUST00807,46,Female,Suburban,Low,15762,10,46,355.58,16356.68,31,9,8,0.69,0.84,0.152,4,Grocery
CUST00808,23,Female,Urban,Low,20486,3,46,416.87,19176.02,192,4,5,0.67,0.93,0.037,5,Fashion
CUST00809,38,Male,Suburban,Medium,43676,29,8,40.65,325.2,56,1,2,0.37,0.34,0.211,10,Travel
CUST00810,70,Female,Rural,Low,17990,7,37,379.93,14057.41,72,5,5,0.97,0.64,0.04,2,Sports
CUST00811,20,Male,Rural,Very High,150093,88,52,261.74,13610.48,44,7,8,0.89,0.23,0.008,2,Travel
CUST00812,64,Female,Urban,Very High,152696,79,30,46.6,1398.0,265,9,0,0.32,0.56,0.147,0,Home & Garden
CUST00813,54,Female,Urban,Medium,43548,23,18,342.71,6168.78,233,3,0,0.03,0.25,0.172,8,Home & Garden
CUST00814,33,Male,Urban,Medium,55007,40,46,361.1,16610.6,352,8,10,0.31,0.57,0.3,7,Beauty
CUST00815,59,Male,Urban,Medium,49342,23,27,266.58,7197.66,41,9,8,0.2,0.17,0.214,6,Sports
CUST00816,62,Female,Urban,Low,26100,9,7,398.96,2792.72,77,9,6,0.55,0.94,0.255,0,Grocery
CUST00817,20,Female,Urban,High,90440,41,13,157.12,2042.56,167,9,9,0.92,0.89,0.104,8,Grocery
CUST00818,23,Male,Suburban,Low,20752,22,36,108.93,3921.48,237,10,6,0.87,0.34,0.153,8,Sports
CUST00819,53,Female,Urban,Low,23082,19,24,181.86,4364.64,48,7,5,0.31,0.78,0.292,10,Electronics
CUST00820,70,Female,Rural,Medium,55118,17,12,210.92,2531.04,78,4,2,0.43,0.1,0.125,10,Fashion
CUST00821,19,Female,Urban,Low,14522,7,42,351.01,14742.42,154,5,8,0.04,0.74,0.242,2,Electronics
CUST00822,53,Male,Urban,Medium,50181,21,7,424.3,2970.1,7,8,8,0.54,0.28,0.158,7,Fashion
CUST00823,25,Male,Urban,High,82479,46,12,363.25,4359.0,145,3,3,0.06,0.14,0.067,4,Fashion
CUST00824,52,Female,Urban,High,89592,30,25,95.25,2381.25,277,7,8,0.94,0.68,0.174,6,Electronics
CUST00825,51,Male,Urban,Medium,55017,34,3,189.45,568.35,193,6,7,0.87,0.47,0.065,3,Electronics
CUST00826,22,Female,Rural,High,95847,55,21,87.62,1840.02,159,7,1,0.21,0.53,0.001,7,Books
CUST00827,54,Male,Urban,Medium,46536,15,48,346.49,16631.52,179,5,1,0.7,0.52,0.071,10,Fashion
CUST00828,65,Female,Urban,High,88182,33,49,131.6,6448.4,346,8,6,0.57,0.06,0.058,7,Sports
CUST00829,63,Male,Suburban,Medium,50825,29,46,267.44,12302.24,190,1,6,0.8,0.05,0.111,10,Electronics
CUST00830,19,Male,Urban,Low,18334,1,17,398.0,6766.0,196,8,7,0.48,0.6,0.267,10,Travel
CUST00831,31,Female,Suburban,Very High,144849,86,4,338.76,1355.04,340,9,4,0.19,0.62,0.116,1,Fashion
CUST00832,30,Female,Urban,Medium,46878,32,43,156.2,6716.6,58,9,9,0.64,0.05,0.254,10,Beauty
CUST00833,42,Female,Suburban,Low,18465,23,20,173.1,3462.0,36,10,4,0.08,0.38,0.167,9,Beauty
CUST00834,25,Other,Urban,Low,20299,11,39,330.15,12875.85,165,4,2,0.58,0.61,0.002,4,Books
CUST00835,63,Other,Urban,Medium,56732,42,7,279.24,1954.68,117,1,1,0.21,0.66,0.057,6,Beauty
CUST00836,59,Female,Suburban,Medium,50718,10,35,57.23,2003.05,75,7,9,0.68,0.83,0.279,6,Sports
CUST00837,60,Male,Rural,Medium,48194,17,31,438.26,13586.06,44,1,7,0.83,0.42,0.181,8,Books
CUST00838,28,Female,Urban,High,92568,31,48,261.18,12536.64,321,3,5,0.11,0.55,0.279,8,Books
CUST00839,18,Female,Suburban,Medium,54369,33,6,241.95,1451.7,225,8,2,0.4,0.58,0.093,1,Home & Garden
CUST00840,66,Male,Urban,Medium,48888,24,22,107.24,2359.28,253,6,1,0.73,0.31,0.215,0,Travel
CUST00841,33,Male,Urban,Medium,49828,17,52,194.73,10125.96,44,7,1,0.16,0.05,0.232,2,Travel
CUST00842,52,Female,Urban,High,85485,36,21,173.08,3634.68,125,8,1,0.57,0.0,0.293,5,Beauty
CUST00843,66,Female,Suburban,Low,25837,16,35,142.66,4993.1,227,2,5,0.67,0.84,0.005,9,Travel
CUST00844,19,Female,Urban,Low,25870,2,9,288.03,2592.27,193,8,2,0.35,0.2,0.286,7,Electronics
CUST00845,18,Other,Suburban,Medium,44798,22,38,236.51,8987.38,254,6,1,0.83,0.63,0.117,1,Sports
CUST00846,18,Female,Urban,High,87536,47,15,445.71,6685.65,245,5,3,0.51,0.58,0.251,7,Beauty
CUST00847,26,Male,Rural,High,86351,35,30,471.26,14137.8,151,5,7,0.63,0.4,0.163,5,Travel
CUST00848,20,Male,Suburban,Medium,56768,20,46,117.54,5406.84,286,6,5,0.14,0.83,0.169,4,Electronics
CUST00849,61,Male,Urban,High,83043,36,35,59.05,2066.75,95,6,1,0.02,0.7,0.108,8,Books
CUST00850,50,Male,Urban,Medium,45317,25,25,394.82,9870.5,30,4,8,0.05,0.02,0.249,3,Electronics
CUST00851,69,Female,Urban,Low,17038,1,10,497.48,4974.8,334,3,5,0.9,0.78,0.079,6,Grocery
CUST00852,60,Female,Rural,Low,20961,6,18,433.16,7796.88,9,2,2,0.88,0.51,0.148,2,Beauty
CUST00853,69,Male,Urban,Low,15983,8,45,21.61,972.45,104,4,7,0.81,0.35,0.168,4,Grocery
CUST00854,30,Male,Suburban,Medium,50586,15,12,133.12,1597.44,42,3,10,0.2,0.73,0.223,6,Books
CUST00855,33,Female,Urban,Medium,53956,28,35,31.24,1093.4,85,6,5,0.53,0.69,0.141,6,Travel
CUST00856,63,Male,Suburban,Medium,55259,16,26,412.18,10716.68,145,10,1,0.8,0.31,0.204,10,Fashion
CUST00857,30,Female,Urban,Medium,43585,10,17,294.89,5013.13,48,2,3,0.67,0.98,0.146,3,Grocery
CUST00858,21,Male,Suburban,Medium,44221,14,38,261.72,9945.36,171,4,6,0.12,0.65,0.198,9,Electronics
CUST00859,53,Female,Rural,High,83523,34,19,281.68,5351.92,339,1,10,0.9,0.61,0.202,8,Beauty
CUST00860,60,Male,Urban,High,96559,33,15,133.7,2005.5,50,10,10,0.16,0.07,0.213,3,Travel
CUST00861,69,Female,Suburban,Medium,52434,40,28,304.8,8534.4,339,8,10,0.17,0.28,0.247,1,Sports
CUST00862,67,Male,Urban,Medium,50503,19,40,25.03,1001.2,151,3,9,0.9,0.45,0.162,2,Fashion
CUST00863,24,Female,Urban,Medium,54655,36,45,326.55,14694.75,217,5,6,0.48,0.63,0.058,7,Fashion
CUST00864,58,Male,Rural,Medium,51378,37,33,369.87,12205.71,162,8,7,0.37,0.51,0.204,8,Electronics
CUST00865,62,Male,Suburban,Medium,45767,31,35,339.78,11892.3,116,10,8,0.55,0.76,0.023,6,Home & Garden
CUST00866,55,Female,Suburban,Medium,50163,35,41,172.74,7082.34,40,6,7,0.98,0.26,0.066,7,Beauty
CUST00867,61,Male,Urban,High,93252,34,15,414.87,6223.05,217,3,7,0.12,0.7,0.238,1,Fashion
CUST00868,62,Male,Urban,Medium,42576,17,14,360.62,5048.68,335,7,1,0.76,0.82,0.131,5,Books
CUST00869,41,Male,Urban,Low,21701,18,26,72.87,1894.62,191,7,9,0.33,0.77,0.149,9,Grocery
CUST00870,20,Male,Suburban,Medium,49953,26,33,105.62,3485.46,219,7,0,0.12,0.77,0.296,4,Sports
CUST00871,42,Male,Urban,High,83112,26,34,322.18,10954.12,235,1,4,0.42,0.89,0.071,9,Beauty
CUST00872,28,Female,Urban,Low,16217,10,8,151.81,1214.48,142,8,4,0.55,0.08,0.006,1,Sports
CUST00873,24,Male,Urban,High,89177,53,41,68.52,2809.32,45,1,10,0.21,0.7,0.033,10,Home & Garden
CUST00874,24,Female,Urban,Low,17483,18,19,85.93,1632.67,186,10,0,0.41,0.97,0.073,8,Grocery
CUST00875,54,Other,Urban,Medium,46641,19,46,91.15,4192.9,318,9,5,0.64,0.57,0.218,6,Home & Garden
CUST00876,44,Male,Urban,Medium,52386,18,38,244.12,9276.56,115,6,3,0.58,0.22,0.233,6,Fashion
CUST00877,46,Female,Rural,Low,18470,3,52,307.62,15996.24,319,7,1,0.72,1.0,0.17,10,Grocery
CUST00878,57,Female,Suburban,Very High,149963,68,33,96.44,3182.52,312,1,2,0.84,0.17,0.077,4,Books
CUST00879,47,Female,Urban,Medium,54773,22,28,359.12,10055.36,90,9,4,0.41,0.34,0.157,1,Travel
CUST00880,51,Male,Suburban,Very High,143491,65,10,147.7,1477.0,210,3,10,0.42,0.17,0.004,10,Books
CUST00881,22,Male,Suburban,Medium,47758,22,21,162.66,3415.86,273,3,4,0.5,0.46,0.205,1,Grocery
CUST00882,63,Male,Urban,High,83168,27,45,119.51,5377.95,181,8,9,0.57,0.42,0.184,7,Grocery
CUST00883,41,Female,Urban,Very High,156838,71,20,394.75,7895.0,256,10,8,0.11,0.49,0.007,2,Electronics
CUST00884,26,Other,Urban,Medium,44970,16,3,480.31,1440.93,333,5,9,0.31,0.93,0.245,10,Grocery
CUST00885,61,Female,Urban,Low,25118,1,13,251.32,3267.16,229,6,9,0.17,0.48,0.229,10,Sports
CUST00886,56,Male,Suburban,High,85054,54,31,30.6,948.6,306,6,7,0.39,0.51,0.092,5,Grocery
CUST00887,20,Female,Rural,Medium,47185,28,33,137.68,4543.44,293,3,8,0.97,0.89,0.191,5,Beauty
CUST00888,28,Male,Urban,Very High,151733,88,52,87.44,4546.88,297,6,1,0.58,0.82,0.18,5,Electronics
CUST00889,18,Female,Suburban,Medium,55302,29,49,422.95,20724.55,312,10,7,0.43,0.24,0.043,4,Home & Garden
CUST00890,32,Male,Urban,Medium,44845,10,28,51.58,1444.24,83,4,0,0.57,0.01,0.058,10,Grocery
CUST00891,23,Female,Suburban,Low,15410,20,29,483.57,14023.53,7,8,8,0.67,0.63,0.205,3,Home & Garden
CUST00892,55,Female,Suburban,High,96108,47,42,298.37,12531.54,56,8,7,0.43,0.84,0.28,10,Electronics
CUST00893,45,Male,Urban,Very High,147151,79,3,263.69,791.07,92,9,8,0.45,0.55,0.173,7,Home & Garden
CUST00894,69,Male,Urban,Low,15356,3,31,425.2,13181.2,252,8,7,0.7,0.21,0.17,10,Books
CUST00895,57,Female,Suburban,High,93897,46,25,23.5,587.5,187,10,4,0.06,0.74,0.194,6,Books
CUST00896,50,Male,Rural,Very High,143458,71,41,390.8,16022.8,172,8,4,0.54,0.67,0.132,9,Grocery
CUST00897,44,Female,Urban,Low,25872,5,42,67.14,2819.88,4,10,6,0.55,0.57,0.016,5,Home & Garden
CUST00898,20,Female,Urban,Low,26012,15,35,421.98,14769.3,250,8,5,0.76,0.86,0.119,5,Beauty
CUST00899,21,Female,Urban,High,95705,54,35,269.3,9425.5,133,9,3,0.98,0.78,0.27,2,Home & Garden
CUST00900,50,Male,Suburban,Medium,46725,8,36,39.95,1438.2,278,9,5,0.8,0.67,0.241,2,Sports
CUST00901,18,Male,Suburban,Low,13827,1,31,418.29,12966.99,42,10,5,0.5,0.66,0.278,0,Grocery
CUST00902,20,Male,Suburban,High,88807,55,12,23.38,280.56,108,6,2,0.17,0.66,0.046,4,Books
CUST00903,29,Other,Suburban,Medium,47353,25,15,77.8,1167.0,20,8,7,0.59,0.53,0.152,10,Beauty
CUST00904,64,Male,Rural,Very High,157345,93,39,400.93,15636.27,104,10,3,0.83,0.46,0.175,10,Travel
CUST00905,42,Male,Suburban,High,92107,49,33,237.79,7847.07,338,4,2,0.93,0.71,0.063,7,Books
CUST00906,55,Male,Urban,High,97110,53,13,441.88,5744.44,180,2,4,0.83,0.61,0.06,3,Grocery
CUST00907,39,Other,Suburban,Medium,54014,39,46,321.36,14782.56,161,9,1,0.19,0.49,0.235,5,Grocery
CUST00908,27,Male,Urban,Medium,53439,31,51,315.53,16092.03,100,7,6,0.71,0.13,0.202,8,Electronics
CUST00909,37,Female,Urban,Medium,43789,16,33,153.2,5055.6,97,5,8,0.88,0.7,0.194,0,Sports
CUST00910,22,Female,Rural,Low,13103,7,12,75.5,906.0,244,8,10,0.68,0.65,0.08,10,Beauty
CUST00911,58,Female,Suburban,High,82743,33,49,480.97,23567.53,360,1,3,0.69,0.34,0.152,9,Grocery
CUST00912,27,Other,Rural,Low,21494,5,13,61.35,797.55,273,5,5,0.5,0.36,0.007,10,Electronics
CUST00913,37,Female,Urban,Medium,45227,28,23,269.22,6192.06,270,3,5,0.64,0.25,0.039,1,Books
CUST00914,69,Female,Suburban,Low,27826,2,45,143.56,6460.2,173,3,8,0.29,0.96,0.155,10,Fashion
CUST00915,49,Male,Urban,Medium,44122,27,28,139.43,3904.04,37,10,6,0.09,0.86,0.093,6,Sports
CUST00916,42,Female,Urban,Low,27151,16,13,301.35,3917.55,265,6,8,0.83,0.56,0.29,6,Electronics
CUST00917,46,Female,Urban,Medium,52682,20,5,400.99,2004.95,296,2,9,0.94,0.4,0.141,1,Electronics
CUST00918,59,Female,Suburban,High,83696,27,19,390.82,7425.58,187,4,1,0.86,0.74,0.025,5,Travel
CUST00919,31,Female,Urban,Low,12935,12,35,435.71,15249.85,34,3,3,0.33,0.53,0.005,3,Beauty
CUST00920,51,Other,Rural,High,88335,54,38,153.52,5833.76,261,10,7,0.09,0.98,0.218,10,Electronics
CUST00921,64,Female,Urban,High,87423,50,12,238.22,2858.64,337,3,5,0.28,0.06,0.051,3,Electronics
CUST00922,48,Female,Urban,Medium,47048,21,9,14.57,131.13,83,4,5,0.84,0.03,0.056,2,Home & Garden
CUST00923,41,Male,Suburban,High,90457,50,37,375.96,13910.52,59,4,1,0.66,0.57,0.127,10,Beauty
CUST00924,25,Male,Urban,Medium,44075,19,9,158.15,1423.35,270,2,6,0.97,0.2,0.079,2,Home & Garden
CUST00925,31,Male,Rural,Low,14071,3,4,285.13,1140.52,122,8,8,0.34,0.6,0.185,9,Books
CUST00926,68,Male,Suburban,Medium,53117,21,26,92.96,2416.96,262,6,0,0.55,0.78,0.146,10,Beauty
CUST00927,46,Male,Urban,Low,27845,4,30,411.51,12345.3,257,5,6,0.79,0.14,0.033,3,Sports
CUST00928,33,Male,Suburban,High,86381,58,13,410.46,5335.98,98,4,9,0.23,0.44,0.235,7,Grocery
CUST00929,40,Female,Suburban,Very High,156911,83,11,439.95,4839.45,16,7,6,0.96,0.69,0.128,8,Beauty
CUST00930,48,Male,Suburban,High,87518,33,13,32.51,422.63,203,1,10,0.59,0.83,0.183,5,Books
CUST00931,46,Female,Suburban,Medium,47374,34,18,496.3,8933.4,149,10,3,0.01,0.5,0.001,7,Electronics
CUST00932,55,Female,Suburban,Medium,43445,10,1,131.41,131.41,313,6,0,0.03,0.21,0.188,1,Beauty
CUST00933,31,Male,Suburban,Very High,148773,77,1,161.62,161.62,131,3,7,0.88,0.59,0.085,5,Travel
CUST00934,52,Male,Urban,Low,19967,1,20,132.17,2643.4,92,6,2,0.65,0.45,0.148,5,Home & Garden
CUST00935,41,Male,Suburban,Low,22620,7,2,141.09,282.18,314,9,0,0.76,0.77,0.089,6,Books
CUST00936,67,Other,Rural,Medium,44530,27,17,280.8,4773.6,269,2,1,0.78,0.56,0.299,10,Grocery
CUST00937,26,Male,Suburban,Medium,45019,37,31,127.51,3952.81,226,6,10,0.42,0.28,0.069,9,Fashion
CUST00938,25,Female,Suburban,Medium,48913,39,2,202.95,405.9,349,6,8,0.8,0.75,0.274,6,Books
CUST00939,42,Female,Urban,Low,13114,18,33,331.25,10931.25,286,9,3,0.94,0.52,0.275,4,Grocery
CUST00940,44,Other,Suburban,Medium,44293,14,33,419.65,13848.45,317,6,6,0.17,0.18,0.126,4,Books
CUST00941,54,Male,Rural,Medium,52065,13,30,349.44,10483.2,292,8,3,0.76,0.56,0.091,0,Grocery
CUST00942,39,Male,Urban,Low,27262,26,33,301.22,9940.26,147,8,1,0.31,0.95,0.114,6,Home & Garden
CUST00943,66,Male,Urban,Low,21167,23,43,82.39,3542.77,23,9,10,0.32,0.71,0.297,2,Beauty
CUST00944,43,Male,Suburban,Medium,44319,15,4,409.9,1639.6,222,4,8,0.41,0.3,0.186,9,Grocery
CUST00945,24,Male,Urban,High,97856,33,9,28.26,254.34,280,8,3,0.86,0.71,0.163,8,Books
CUST00946,24,Female,Suburban,Medium,50350,30,17,139.45,2370.65,362,3,3,0.02,0.28,0.011,10,Electronics
CUST00947,69,Female,Urban,High,93470,33,36,37.96,1366.56,249,9,8,0.43,0.54,0.254,10,Electronics
CUST00948,25,Female,Urban,High,85151,28,46,337.04,15503.84,208,10,5,0.68,0.53,0.025,4,Electronics
CUST00949,68,Female,Suburban,Medium,51255,39,48,190.5,9144.0,211,3,4,0.11,0.25,0.014,4,Grocery
CUST00950,32,Male,Suburban,High,83221,41,31,329.5,10214.5,42,6,4,0.79,0.35,0.082,6,Electronics
CUST00951,22,Female,Suburban,High,92012,34,22,180.05,3961.1,3,9,4,0.94,0.94,0.143,4,Home & Garden
CUST00952,34,Female,Suburban,Medium,45237,27,22,233.31,5132.82,17,1,5,0.09,0.25,0.269,3,Electronics
CUST00953,50,Female,Suburban,Low,26553,9,4,234.4,937.6,331,8,0,0.15,0.8,0.237,7,Books
CUST00954,40,Female,Suburban,Low,12876,7,25,32.33,808.25,289,9,5,0.97,0.67,0.059,4,Fashion
CUST00955,59,Male,Suburban,Very High,152442,88,27,220.81,5961.87,95,9,4,0.2,0.53,0.112,10,Travel
CUST00956,50,Male,Suburban,High,84230,34,11,324.12,3565.32,155,2,3,0.08,0.14,0.234,2,Books
CUST00957,39,Male,Suburban,Very High,152994,81,40,277.57,11102.8,177,8,3,0.95,0.2,0.158,4,Beauty
CUST00958,51,Male,Urban,Very High,149896,84,43,46.89,2016.27,91,8,4,0.89,0.18,0.052,5,Books
CUST00959,69,Female,Urban,Low,27480,11,16,337.35,5397.6,155,1,4,0.66,0.59,0.119,9,Books
CUST00960,39,Male,Suburban,High,92429,61,48,161.34,7744.32,127,8,9,0.55,0.97,0.188,6,Books
CUST00961,26,Female,Rural,Medium,47952,21,6,17.07,102.42,254,7,5,0.92,0.88,0.292,0,Sports
CUST00962,39,Female,Suburban,High,83397,40,48,86.24,4139.52,277,10,5,0.66,0.03,0.199,3,Sports
CUST00963,62,Male,Urban,Low,21532,22,40,253.8,10152.0,36,1,2,0.66,0.27,0.005,9,Home & Garden
CUST00964,29,Male,Suburban,Medium,49056,28,12,162.1,1945.2,170,10,10,0.84,0.16,0.212,2,Sports
CUST00965,68,Female,Urban,High,82840,52,34,350.25,11908.5,362,6,0,0.65,0.98,0.075,3,Home & Garden
CUST00966,49,Female,Suburban,High,91300,54,17,127.92,2174.64,318,3,6,0.5,0.24,0.259,1,Electronics
CUST00967,49,Male,Suburban,Medium,45360,29,42,388.67,16324.14,290,4,1,0.39,0.2,0.115,7,Travel
CUST00968,34,Male,Suburban,Medium,45747,14,9,150.37,1353.33,269,8,8,0.5,0.62,0.06,1,Beauty
CUST00969,66,Female,Suburban,Medium,42143,18,13,314.22,4084.86,2,10,4,0.52,0.56,0.14,4,Beauty
CUST00970,19,Male,Urban,Very High,147953,84,16,401.62,6425.92,356,4,3,0.36,0.23,0.077,7,Grocery
CUST00971,33,Female,Urban,Medium,45492,26,11,198.92,2188.12,269,10,0,0.45,0.67,0.071,9,Books
CUST00972,40,Male,Rural,Medium,43149,14,18,32.93,592.74,325,7,8,0.8,0.1,0.172,2,Sports
CUST00973,43,Male,Suburban,Medium,48949,19,32,272.37,8715.84,332,2,4,0.42,0.02,0.23,3,Electronics
CUST00974,43,Female,Suburban,Medium,45522,31,33,497.75,16425.75,93,6,2,0.03,0.08,0.25,1,Travel
CUST00975,25,Female,Urban,Medium,44146,12,29,484.81,14059.49,6,9,9,0.28,0.36,0.119,4,Travel
CUST00976,29,Female,Urban,Medium,49468,12,10,118.3,1183.0,241,1,0,0.23,0.98,0.02,10,Books
CUST00977,23,Male,Urban,High,83011,49,11,380.29,4183.19,168,1,5,0.79,0.55,0.145,3,Home & Garden
CUST00978,48,Other,Urban,Very High,157848,71,48,179.03,8593.44,8,1,1,0.45,0.75,0.13,2,Fashion
CUST00979,36,Female,Urban,Very High,149535,82,14,88.53,1239.42,99,6,1,0.28,0.32,0.059,4,Electronics
CUST00980,47,Male,Rural,Medium,57941,29,6,336.3,2017.8,362,1,0,0.81,0.72,0.269,9,Beauty
CUST00981,49,Male,Suburban,Medium,56102,43,24,255.43,6130.32,133,10,2,0.02,0.97,0.292,6,Travel
CUST00982,55,Male,Urban,High,97674,49,1,274.22,274.22,96,2,10,0.17,0.36,0.016,6,Electronics
CUST00983,46,Female,Urban,High,90684,56,18,415.42,7477.56,239,1,4,0.83,1.0,0.239,8,Beauty
CUST00984,52,Male,Urban,Medium,48769,35,45,174.91,7870.95,243,3,10,0.55,0.64,0.194,7,Electronics
CUST00985,49,Female,Suburban,High,93518,37,14,336.88,4716.32,122,8,2,0.77,0.75,0.078,6,Books
CUST00986,52,Male,Urban,High,83290,56,37,189.43,7008.91,310,10,8,0.84,0.25,0.191,6,Electronics
CUST00987,50,Other,Suburban,High,95443,55,26,30.93,804.18,212,3,0,0.94,0.64,0.039,5,Travel
CUST00988,34,Male,Suburban,High,87177,31,19,195.23,3709.37,59,6,1,0.06,0.51,0.021,1,Fashion
CUST00989,31,Female,Urban,Low,12118,1,35,475.52,16643.2,119,8,0,0.8,0.96,0.298,4,Home & Garden
CUST00990,59,Male,Suburban,Medium,45803,15,31,246.8,7650.8,310,8,9,0.71,0.9,0.191,9,Beauty
CUST00991,36,Male,Rural,Medium,45877,7,17,63.03,1071.51,33,2,7,0.21,0.4,0.076,0,Books
CUST00992,47,Female,Urban,Low,12226,2,12,347.04,4164.48,5,9,8,0.93,0.95,0.135,9,Grocery
CUST00993,28,Female,Urban,High,92697,61,48,482.06,23138.88,240,9,10,0.4,0.88,0.285,6,Travel
CUST00994,40,Female,Rural,Medium,43523,20,9,454.89,4094.01,162,8,3,0.89,0.59,0.132,3,Electronics
CUST00995,46,Male,Rural,Low,25547,1,50,290.26,14513.0,93,6,7,0.61,0.08,0.27,1,Home & Garden
CUST00996,51,Female,Suburban,High,89251,44,25,194.38,4859.5,173,4,5,0.53,0.16,0.261,8,Travel
CUST00997,45,Female,Suburban,High,93492,37,52,294.53,15315.56,68,9,5,0.16,0.08,0.103,0,Grocery
CUST00998,37,Female,Urban,High,87434,54,19,409.81,7786.39,137,9,7,0.91,0.11,0.209,5,Sports
CUST00999,68,Male,Suburban,Medium,44112,9,30,432.01,12960.3,86,6,5,0.56,0.98,0.198,1,Home & Garden
CUST01000,45,Female,Urban,High,84885,50,32,411.23,13159.36,215,8,0,0.01,0.21,0.231,9,Home & Garden
